,Code,Name,Country,Exchange,Currency,Type,Isin,F-Score,PEG-Ratio,Industry,Sector,Price to Book,Market Cap,50 Day Av,200 Day Av,Profit Margin,Gross Margin
0,02M.DE,The Mosaic Company,Germany,XETRA,EUR,Common Stock,,6.0,,Agricultural Inputs,Basic Materials,1.069907,10348393472.0,26.745428,27.230284,0.14246,0.19732
1,0GZA.DE,RICI Enhanced Natural Gas (ER) Index EUR Hedge ETC,Germany,XETRA,EUR,Common Stock,DE000PZ9REG5,,,,,,,,,,
2,0GZB.DE,BNP PAR.ISS. O.E. ETC,Germany,XETRA,EUR,Common Stock,,,,,,,,,,,
3,0GZC.DE,RICI Enhanced Nickel (ER) Index EUR Hedge ETC,Germany,XETRA,EUR,Common Stock,DE000PZ9REN1,,,,,,,,,,
4,0GZD.DE,RICI Enhanced Ind Metls (ER) Index EUR Hedge ETC,Germany,XETRA,EUR,Common Stock,DE000PZ9REM3,,,,,,,,,,
5,0GZE.DE,RICI Enhanced Gas Oil Excess Return Index,Germany,XETRA,EUR,Common Stock,DE000PZ9RED2,,,,,,,,,,
6,0GZF.DE,RICI Enhanced Gasoline Excess Return Index,Germany,XETRA,EUR,Common Stock,DE000PZ9RE14,,,,,,,,,,
7,0GZG.DE,RICI Enhanced Heating Oil Excess Return Index,Germany,XETRA,EUR,Common Stock,DE000PZ9REH3,,,,,,,,,,
8,0GZH.DE,RICI Enhanced Aluminum Excess Return Index,Germany,XETRA,EUR,Common Stock,DE000PZ9REA8,,,,,,,,,,
9,0GZI.DE,RICI Enhanced Zinc Excess Return Index,Germany,XETRA,EUR,Common Stock,DE000PZ9REZ5,,,,,,,,,,
10,0GZJ.DE,BNP PAR.ISS. O.E. ETC,Germany,XETRA,EUR,Common Stock,,,,,,,,,,,
11,0GZK.DE,BNP PAR.ISS. O.E. ETC,Germany,XETRA,EUR,Common Stock,,,,,,,,,,,
12,0GZL.DE,BNP PAR.ISS. O.E. ETC,Germany,XETRA,EUR,Common Stock,,,,,,,,,,,
13,0HV.DE,ENVISTA HOLDINGS   DL-01,Germany,XETRA,EUR,Common Stock,,,,,,,,35.42943,35.3095,,
14,0Q3.DE,Beyond Meat Inc,Germany,XETRA,EUR,Common Stock,US08862E1091,,,,,,,104.01,110.629715,,
15,0S6.DE,0S6,Germany,XETRA,EUR,Common Stock,,,,,,,,93.92343,86.75277,,
16,0YU.DE,YUM CHINA HLDGS    DL-01,Germany,XETRA,EUR,Common Stock,,,,,,,,52.424,52.6278,,
17,12DA.DE,DELL TECHS INC. C  DL-01,Germany,XETRA,EUR,Common Stock,,,,,,,,82.87886,80.1822,,
18,185.DE,ALCOA CORP. O.N.,Germany,XETRA,EUR,Common Stock,,,,,,,,34.774284,30.205454,,
19,1COV.DE,Covestro AG,Germany,XETRA,EUR,Common Stock,DE0006062144,5.0,,Specialty Chemicals,Basic Materials,1.7222104,11010177024.0,55.228,56.32468,0.07409,0.26661
20,1FC.DE,FACC AG,Germany,XETRA,EUR,Common Stock,,4.0,,Aerospace & Defense,Industrials,1.7225994,406615200.0,8.539429,9.013546,-0.18878001,-0.0121
21,1HM.DE,Adaptive Biotechnologies Corporation,Germany,XETRA,EUR,Common Stock,,,,,,,,29.908571,32.84397,,
22,1N8.DE,ADYEN N.V.         EO-01,Germany,XETRA,EUR,Common Stock,,,,,,,,2453.743,2078.6191,,
23,1NBA.DE,Anheuser-Busch InBev SA/NV,Germany,XETRA,EUR,Common Stock,,6.0,,Beverages—Brewers,Consumer Defensive,1.4824157,101222572032.0,53.24,56.83415,0.11209,0.58182997
24,1SI.DE,Snap Inc,Germany,XETRA,EUR,Common Stock,US83304A1060,3.0,,Internet Content & Information,Communication Services,56.883347,100263501824.0,62.436855,53.172165,-0.22489001,0.54027003
25,1T2.DE,VST BUILDING TECHS AG,Germany,XETRA,EUR,Common Stock,,,,,,,,8.422857,8.996099,,
26,1TY.DE,Prosus N.V,Germany,XETRA,EUR,Common Stock,,5.0,,Internet Content & Information,Communication Services,2.935884,125521092608.0,74.29943,85.697586,1.45602,0.32467
27,1U1.DE,1&1 AG,Germany,XETRA,EUR,Common Stock,DE0005545503,,,Telecom Services,Communication Services,0.9345728,4655989760.0,25.898857,25.379646,0.06312,0.27184
28,1WR.DE,WestRock Company,Germany,XETRA,EUR,Common Stock,,4.0,,Packaging & Containers,Consumer Cyclical,1.0583678,11706443776.0,42.35943,44.10766,-0.04063,0.17899
29,1YD.DE,Broadcom Inc.,Germany,XETRA,EUR,Common Stock,,,,,,,,410.57,393.07874,,
30,2EM.DE,Ergomed plc,Germany,XETRA,EUR,Common Stock,GB00BN7ZCY67,,,Biotechnology,Healthcare,16.127542,851397760.0,14.827143,14.137943,0.112069994,0.5522
31,2FB.DE,FORT.BRAND.HOME+SEC.INC.,Germany,XETRA,EUR,Common Stock,,,,,,,,84.185715,82.35461,,
32,2FE.DE,Ferrari N.V,Germany,XETRA,EUR,Common Stock,NL0011585146,5.0,,Auto Manufacturers,Consumer Cyclical,19.181414,45795536896.0,183.34714,174.14716,0.21077,0.52084
33,2GB.DE,2G Energy AG,Germany,XETRA,EUR,Common Stock,DE000A0HL8N9,7.0,,Specialty Industrial Machinery,Industrials,5.2003846,412620000.0,86.98286,89.048225,0.048499998,0.35224998
34,2HQ.DE,Tilray Inc,Germany,XETRA,EUR,Common Stock,,2.0,,,,4.970339,2087341568.0,21.486734,12.141779,-0.7161,0.24008
35,2HRA.DE,H&R GmbH & Co. KGaA,Germany,XETRA,EUR,Common Stock,DE000A2E4T77,5.0,,Chemicals,Basic Materials,1.2342691,379661344.0,9.510285,7.560851,0.00343,0.25233
36,2M6.DE,Medtronic plc,Germany,XETRA,EUR,Common Stock,IE00BTN1Y115,8.0,,Medical Devices,Healthcare,2.9823415,153503285248.0,110.43285,104.89844,0.119729996,0.65616995
37,2OY.DE,DOW INC.           DL-01,Germany,XETRA,EUR,Common Stock,,,,,,,,52.82857,53.67727,,
38,2PP.DE,PayPal Holdings Inc,Germany,XETRA,EUR,Common Stock,US70450Y1038,6.0,,Credit Services,Financial Services,14.634663,287470714880.0,239.87,224.76561,0.22804001,0.48444998
39,2QU.DE,Onoff AG,Germany,XETRA,EUR,Common Stock,,8.0,,Information Technology Services,Technology,3.764842,25577240.0,13.051429,12.8262415,0.03433,0.74816
40,2X0.DE,CORTEVA INC.      DL -01,Germany,XETRA,EUR,Common Stock,,,,,,,,37.070286,37.932446,,
41,2XT.DE,DXC TECHNOLOGY CO. DL-01,Germany,XETRA,EUR,Common Stock,,,,,,,,32.834286,29.422907,,
42,3E3M.DE,WisdomTree Emerging Markets 3x Daily Leveraged,Germany,XETRA,EUR,Common Stock,,,,,,,,153.69,153.69,,
43,3E3S.DE,WisdomTree Emerging Markets 3x Daily Short,Germany,XETRA,EUR,Common Stock,,,,,,,,4.6424,4.6424,,
44,3QQQ.DE,WITR MU.AS.I. ETP 2062,Germany,XETRA,EUR,Common Stock,,,,,,,,,,,
45,3RB.DE,Reckitt Benckiser Group plc,Germany,XETRA,EUR,Common Stock,,7.0,,Household & Personal Products,Consumer Defensive,5.121589,46746169344.0,67.83428,73.74894,0.08483,0.6028
46,3V64.DE,Visa Inc,Germany,XETRA,EUR,Common Stock,,5.0,,Credit Services,Financial Services,11.754539,418327363584.0,201.02142,191.91992,0.4993,0.96652
47,47I.DE,Arconic Corporation,Germany,XETRA,EUR,Common Stock,US03966V1070,4.0,,Specialty Industrial Machinery,Industrials,2.2213938,3278953472.0,29.262857,26.885815,-0.06831,0.13993
48,48Z.DE,Howmet Aerospace Inc,Germany,XETRA,EUR,Common Stock,US4432011082,,,,,,,27.328,27.212412,,
49,4AB.DE,AbbVie Inc,Germany,XETRA,EUR,Common Stock,US00287Y1091,6.0,,Drug Manufacturers—General,Healthcare,12.202189,167349354496.0,99.08714,94.46163,0.12401,0.68121004
50,4DS.DE,Daldrup & Söhne Aktiengesellschaft,Germany,XETRA,EUR,Common Stock,DE0007830572,4.0,,Oil & Gas Drilling,Energy,1.3745478,25019348.0,4.1794286,4.4440427,-0.19947,0.81351995
51,4I1.DE,Philip Morris International Inc,Germany,XETRA,EUR,Common Stock,US7181721090,6.0,,Tobacco,Consumer Defensive,,138055483392.0,85.384,80.13957,0.29692,0.67586
52,4JMA.DE,JUMIA TECH. SP.ADR/2 O.N.,Germany,XETRA,EUR,Common Stock,,,,,,,,,,,
53,4PG.DE,Otis Worldwide Corp,Germany,XETRA,EUR,Common Stock,US68902V1070,,,,,,,76.47028,65.891205,,
54,4PN.DE,Carrier Global Corporation,Germany,XETRA,EUR,Common Stock,US14448C1045,5.0,,Building Products & Equipment,Industrials,6.5470614,42582999040.0,46.94,39.00284,0.12648,0.29815
55,4XT.DE,XPhyto Therapeutics Corp,Germany,XETRA,EUR,Common Stock,,4.0,,Drug Manufacturers—Specialty & Generic,Healthcare,13.898734,74338560.0,1.2049143,1.4875674,0.0,1.0
56,5CV.DE,CureVac NV,Germany,XETRA,EUR,Common Stock,NL0015436031,5.0,,Biotechnology,Healthcare,14.789447,10856626176.0,52.446,70.666985,-2.6420999,0.71097
57,5EA.DE,ELANCO ANIMAL HEALTH.,Germany,XETRA,EUR,Common Stock,,,,,,,,28.61057,27.547873,,
58,5UR.DE,Raytheon Technologies Corp,Germany,XETRA,EUR,Common Stock,US75513E1010,,,,,,,73.13371,69.67617,,
59,639.DE,Spotify Technology S.A,Germany,XETRA,EUR,Common Stock,LU1778762911,3.0,,,,12.598611,38861115392.0,,,-0.06835,0.25565
60,68V.DE,BAKER HUGHES CO.,Germany,XETRA,EUR,Common Stock,,,,,,,,18.201,18.988539,,
61,690D.DE,Haier Smart Home Co. Ltd,Germany,XETRA,EUR,Common Stock,CNE1000031C1,7.0,,"Furnishings, Fixtures & Appliances",Consumer Cyclical,0.22313523,33642741760.0,1.6895657,1.78061,0.049060002,0.29364002
62,6D81.DE,DUPONT DE NEMOURS INC. ON,Germany,XETRA,EUR,Common Stock,,,,,,,,,,,
63,6MK.DE,Merck & Co. Inc,Germany,XETRA,EUR,Common Stock,,6.0,,Drug Manufacturers—General,Healthcare,6.0864253,164052156416.0,65.29629,62.663284,0.11056,0.72308
64,7HP.DE,HP Inc,Germany,XETRA,EUR,Common Stock,US40434L1052,8.0,,,,,42765164544.0,24.618,25.581596,,
65,8TI.DE,Stellantis NV,Germany,XETRA,EUR,Common Stock,NL00150001Q9,,,,,,,17.040628,15.705912,,
66,8TRA.DE,Traton SE,Germany,XETRA,EUR,Common Stock,DE000TRAT0N7,3.0,,Farm & Heavy Construction Machinery,Industrials,0.94767046,12550000640.0,26.052572,25.473759,-0.0029,0.16745001
67,93M1.DE,MPH Health Care AG,Germany,XETRA,EUR,Common Stock,,3.0,,Drug Manufacturers—Specialty & Generic,Healthcare,0.54032207,108747048.0,26.95143,27.851065,0.0,1.0
68,A1OS.DE,All for One Group SE,Germany,XETRA,EUR,Common Stock,DE0005110001,6.0,,Information Technology Services,Technology,4.4094677,365678816.0,69.16,64.15319,0.0376,0.16631001
69,A4Y.DE,ACCENTRO Real Estate AG,Germany,XETRA,EUR,Common Stock,DE000A0KFKB3,2.0,,Real Estate Services,Real Estate,1.0429704,243284256.0,7.404286,7.955319,0.15589,0.20438999
70,A6T.DE,artec technologies AG,Germany,XETRA,EUR,Common Stock,DE0005209589,6.0,,Consumer Electronics,Technology,2.5811002,9521490.0,3.7622857,3.9451773,0.048460003,0.67244005
71,A7A.DE,FinLab AG,Germany,XETRA,EUR,Common Stock,DE0001218063,,,Asset Management,Financial Services,0.70716,119877408.0,22.397142,23.487234,1.7202901,0.37793
72,A8A.DE,JDC Group AG,Germany,XETRA,EUR,Common Stock,DE000A0B9N37,5.0,,Asset Management,Financial,3.6913896,109637328.0,9.245295,8.778696,-0.00509,0.25939
73,AAD.DE,Amadeus FiRe AG,Germany,XETRA,EUR,Common Stock,DE0005093108,6.0,,Staffing & Employment Services,Industrials,8.596642,1036112448.0,170.65143,149.94469,0.081590004,0.51636004
74,AAG.DE,Aumann AG,Germany,XETRA,EUR,Common Stock,DE000A2DAM03,4.0,,Specialty Industrial Machinery,Industrials,1.4713808,274804992.0,17.466858,15.161844,-0.11965,0.34803
75,AAQ1.DE,aap Implantate AG,Germany,XETRA,EUR,Common Stock,,2.0,,Medical Devices,Healthcare,1.3586787,139813872.0,3.418857,3.1788652,-0.36238,0.95365
76,AB9.DE,ABO Wind AG,Germany,XETRA,EUR,Common Stock,DE0005760029,8.0,,Engineering & Construction,Industrials,3.2122169,450947136.0,47.174286,46.98156,0.08796,0.64878
77,ABEA.DE,Alphabet Inc,Germany,XETRA,EUR,Common Stock,US02079K3059,6.0,,Internet Content & Information,Communication Services,7.105907,1672772059136.0,2329.4,2005.8021,0.2857,0.55723
78,ABEC.DE,Alphabet Inc,Germany,XETRA,EUR,Common Stock,,6.0,,Internet Content & Information,Communication Services,7.154048,1615252553728.0,2356.2144,2038.9624,0.2857,0.55723
79,ABL.DE,Abbott Laboratories,Germany,XETRA,EUR,Common Stock,,8.0,,Medical Devices,Healthcare,5.6990843,191274680320.0,104.592285,99.74993,0.1533,0.56837004
80,ABR.DE,Barrick Gold Corporation,Germany,XETRA,EUR,Common Stock,,7.0,,Gold,Basic Materials,1.2471453,29524498432.0,17.364172,17.880852,0.19188999,0.42658
81,ABS2.DE,PORR AG,Germany,XETRA,EUR,Common Stock,,3.0,,Engineering & Construction,Industrials,0.8177076,502485888.0,16.382856,16.241135,-0.01056,0.33442003
82,ACT.DE,AlzChem Group AG,Germany,XETRA,EUR,Common Stock,,8.0,,Specialty Chemicals,Basic Materials,3.062354,253389872.0,24.9,24.970922,0.06322,0.62590003
83,ACWN.DE,A.S. Création Tapeten AG,Germany,XETRA,EUR,Common Stock,DE000A1TNNN5,8.0,,"Furnishings, Fixtures & Appliances",Consumer Cyclical,0.8805647,69460024.0,25.56,25.605673,0.03662,0.52814
84,ACX.DE,bet-at-home.com AG,Germany,XETRA,EUR,Common Stock,DE000A0DNAY5,,,Gambling,Consumer Cyclical,3.5605483,196854896.0,28.487143,38.23865,0.17915002,0.64467
85,ADE.DE,Bitcoin Group SE,Germany,XETRA,EUR,Common Stock,DE000A1TNV91,,,Asset Management,Financial Services,2.5358703,203250000.0,37.498573,44.265602,0.63321996,0.96782
86,ADJ.DE,Adler Group S.A,Germany,XETRA,EUR,Common Stock,LU1250154413,5.0,,Real Estate Services,Real Estate,0.5827326,2488861952.0,20.950285,23.28383,0.31069002,0.2802
87,ADL.DE,ADLER Real Estate AG,Germany,XETRA,EUR,Common Stock,DE0005008007,4.0,,Real Estate Services,Real Estate,0.55758476,1311718016.0,11.828,12.325248,0.23667999,0.2409
88,ADM.DE,Archer-Daniels-Midland Company,Germany,XETRA,EUR,Common Stock,US0394831020,4.0,,Farm Products,Consumer Defensive,1.3636241,28404410368.0,50.779713,51.040886,0.03032,0.07396
89,ADN1.DE,adesso SE,Germany,XETRA,EUR,Common Stock,DE000A0Z23Q5,6.0,,Information Technology Services,Technology,11.724889,1199955968.0,165.62286,133.39362,0.04002,0.21308
90,ADS.DE,adidas AG,Germany,XETRA,EUR,Common Stock,DE000A1EWWW0,6.0,,Footwear & Accessories,Consumer Cyclical,8.077871,58802647040.0,309.20572,293.44788,0.04626,0.50195
91,ADV.DE,ADVA Optical Networking SE,Germany,XETRA,EUR,Common Stock,DE0005103006,8.0,,Communication Equipment,Technology,2.5243769,705943872.0,13.062285,11.159717,0.074260004,0.37335998
92,AEC1.DE,American Express Company,Germany,XETRA,EUR,Common Stock,,6.0,,Credit Services,Financial Services,4.507833,110253334528.0,141.96428,131.85446,0.18424,0.72283
93,AEIN.DE,Allgeier SE,Germany,XETRA,EUR,Common Stock,DE000A2GS633,5.0,,Information Technology Services,Technology,2.826111,290253760.0,23.947144,23.830496,-0.032679997,0.12595001
94,AEND.DE,Aegon N.V,Germany,XETRA,EUR,Common Stock,,1.0,,Insurance—Diversified,Financial Services,0.35206556,8880574464.0,3.9338572,3.8865957,-0.013200001,0.03101
95,AFX.DE,Carl Zeiss Meditec AG,Germany,XETRA,EUR,Common Stock,DE0005313704,,,Medical Instruments & Supplies,Healthcare,11.059908,17172594688.0,187.81714,155.10036,0.11462,0.56619
96,AG1.DE,AUTO1 Group SE,Germany,XETRA,EUR,Common Stock,DE000A2LQ884,3.0,,Auto & Truck Dealerships,Consumer Cyclical,1390.0,7704433664.0,38.92486,42.294186,-0.05076,0.10104
97,AGB2.DE,AGB2,Germany,XETRA,EUR,Common Stock,,,,,,,,18.48,18.698793,,
98,AGJ.DE,Agco Corp.,Germany,XETRA,EUR,Common Stock,,7.0,,,,,,113.47714,114.834755,,
99,AHLA.DE,Alibaba Group Holding Limited,Germany,XETRA,EUR,Common Stock,,6.0,,Internet Retail,Consumer Cyclical,0.42735907,400636248064.0,156.56572,179.51773,0.20993,0.41278
100,AHOG.DE,Koninklijke Ahold Delhaize NV,Germany,XETRA,EUR,Common Stock,NL0011794037,1.0,,,,,,27.33,24.653795,,
101,AIL.DE,L'Air Liquide S.A,Germany,XETRA,EUR,Common Stock,FR0000120073,6.0,,Chemicals,Basic Materials,3.8647418,71637123072.0,149.28058,142.6,0.12328,0.63695997
102,AINN.DE,American International Group Inc,Germany,XETRA,EUR,Common Stock,,4.0,,Insurance—Diversified,Financial Services,0.6432223,40084066304.0,43.728287,41.092022,-0.08845,0.28615
103,AIR.DE,Airbus SE,Germany,XETRA,EUR,Common Stock,NL0000235190,1.0,,Aerospace & Defense,Industrials,13.007133,91678113792.0,114.10057,105.75482,-0.00583,0.13803001
104,AIXA.DE,AIXTRON SE,Germany,XETRA,EUR,Common Stock,DE000A0WMPJ6,,,Semiconductor Equipment & Materials,Technology,5.536071,2792382208.0,23.011429,19.9011,0.15369001,0.40076
105,AIY.DE,Activision Blizzard Inc,Germany,XETRA,EUR,Common Stock,,7.0,,,,,,71.019714,76.62787,,
106,AJ91.DE,DocCheck AG,Germany,XETRA,EUR,Common Stock,DE000A1A6WE6,7.0,,Health Information Services,Healthcare,4.5676203,141452032.0,26.788572,26.961702,0.14583999,0.31855
107,AK3.DE,Akamai Technologies Inc,Germany,XETRA,EUR,Common Stock,,6.0,,Software—Infrastructure,Technology,3.6099882,15608197120.0,98.142,92.46581,0.17518,0.63595
108,ALD.DE,Honeywell International Inc,Germany,XETRA,EUR,Common Stock,,6.0,,Specialty Industrial Machinery,Industrials,7.5108123,135091150848.0,195.73714,186.59993,0.14647001,0.32062
109,ALG.DE,ALBIS Leasing AG,Germany,XETRA,EUR,Common Stock,DE0006569403,6.0,,Credit Services,Financial Services,2.777778,69944816.0,3.3114285,3.1977305,0.02639,0.83897
110,ALI.DE,ALI,Germany,XETRA,EUR,Common Stock,,,,,,,,0.6612,0.7477163,,
111,ALV.DE,Allianz SE,Germany,XETRA,EUR,Common Stock,DE0008404005,6.0,,Insurance—Diversified,Financial Services,1.0400186,81469734912.0,201.16685,210.94376,0.07299,0.23059
112,AM3D.DE,SLM Solutions Group AG,Germany,XETRA,EUR,Common Stock,DE000A111338,3.0,,Specialty Industrial Machinery,Industrials,42.250923,452939104.0,19.033428,18.444042,-0.43919998,0.53553003
113,AMD.DE,Advanced Micro Devices Inc,Germany,XETRA,EUR,Common Stock,DE0005093108,7.0,,Semiconductors,Technology,17.522041,113502494720.0,89.28657,73.5422,0.25241,0.44791
114,AMG.DE,Amgen Inc,Germany,XETRA,EUR,Common Stock,,8.0,,Drug Manufacturers—General,Healthcare,11.707858,109422845952.0,197.08485,201.60965,0.22547,0.75337
115,AMMN.DE,The Grounds Real Estate Development AG,Germany,XETRA,EUR,Common Stock,DE000A2GSVV5,5.0,,Real Estate Services,Real Estate,2.991128,42020980.0,2.402857,2.4541843,0.11512,0.19218999
116,AMZ.DE,Amazon.com Inc,UK,XETRA,EUR,Common Stock,,6.0,,Internet Retail,Consumer Cyclical,14.390244,1489670373376.0,2884.6858,2780.8723,0.06419,0.40483
117,AO1B.DE,Accell Group N.V,Germany,XETRA,EUR,Common Stock,NL0009767532,8.0,,Leisure,Consumer Cyclical,2.9910874,1125690496.0,41.487144,41.377304,0.05,0.27602
118,AOF.DE,ATOSS Software AG,Germany,XETRA,EUR,Common Stock,DE0005104400,,,Software—Application,Technology,45.33399,1468149632.0,179.82286,173.76666,0.19442,0.72481
119,AOMD.DE,Alstom SA,Germany,XETRA,EUR,Common Stock,,2.0,,Specialty Industrial Machinery,Industrials,1.4373126,13016885248.0,35.918858,41.490143,0.02812,0.15765001
120,AOX.DE,alstria office REIT-AG,Germany,XETRA,EUR,Common Stock,DE000A0LD2U1,,,,,,2924694784.0,,,,
121,AP2.DE,Applied Materials Inc,Germany,XETRA,EUR,Common Stock,,8.0,,Semiconductor Equipment & Materials,Technology,8.704466,104670863360.0,114.72,110.04177,0.22353001,0.45968
122,APC.DE,Apple Inc,Germany,XETRA,EUR,Common Stock,,7.0,,Consumer Electronics,Technology,31.341053,2190892335104.0,125.88286,112.27716,0.25004,0.41005
123,APM.DE,ad pepper media International N.V,Germany,XETRA,EUR,Common Stock,NL0000238145,,,Advertising Agencies,Communication Services,6.6235166,128944296.0,5.8354287,6.0348225,0.13891,0.9611
124,AR4.DE,AURELIUS Equity Opportunities SE & Co. KGaA,Germany,XETRA,EUR,Common Stock,DE000A0JK2A8,7.0,,Asset Management,Financial Services,1.6504915,794856384.0,26.742285,26.357517,0.03323,0.36236
125,ARL.DE,Aareal Bank AG,Germany,XETRA,EUR,Common Stock,DE0005408116,5.0,,Banks—Regional,Financial Services,0.45119098,1350378368.0,21.12457,21.799858,-0.13158,0.0
126,ARRD.DE,ArcelorMittal,Germany,XETRA,EUR,Common Stock,LU1598757687,4.0,,Steel,Basic Materials,0.8085827,30138730496.0,28.865858,25.64846,0.114879996,0.18811001
127,ART.DE,artnet AG Namens-Aktien o.N.,Germany,XETRA,EUR,Common Stock,DE000A1K0375,6.0,,Internet Retail,Consumer Cyclical,12.252042,58273952.0,8.981428,9.350354,0.101569995,0.61925
128,ASG.DE,Assicurazioni Generali S.p.A,Germany,XETRA,EUR,Common Stock,,7.0,,Insurance—Diversified,Financial Services,0.90799797,27351498752.0,17.013714,16.909575,0.02627,0.13508001
129,ASKN.DE,asknet Solutions AG,Germany,XETRA,EUR,Common Stock,DE000A2E3707,2.0,,Information Technology Services,Technology,8.499096,12290782.0,9.47,10.334397,-0.01948,0.058920003
130,ASL.DE,Akasol AG,Germany,XETRA,EUR,Common Stock,DE000A2JNWZ9,4.0,,Auto Parts,Consumer Cyclical,9.289822,754095424.0,123.49143,120.60284,-0.17723,0.25797
131,ASME.DE,ASML Holding N.V,Germany,XETRA,EUR,Common Stock,NL0010273215,7.0,,Semiconductor Equipment & Materials,Technology,22.083067,301847674880.0,668.8457,565.14044,0.28812,0.51154
132,AT1.DE,Aroundtown SA,Germany,XETRA,EUR,Common Stock,LU1673108939,5.0,,Real Estate Services,Real Estate,0.5317718,8521766400.0,6.6510286,6.53278,0.48681,0.76553
133,ATD.DE,Allegheny Technologies Incorporated,Germany,XETRA,EUR,Common Stock,,3.0,,Metal Fabrication,Industrials,4.0305586,1960587904.0,16.234285,17.831205,-0.58902,0.09231
134,AUS.DE,AT & S Austria Technologie & Systemtechnik Aktiengesellschaft,Germany,XETRA,EUR,Common Stock,,6.0,,Electronic Components,Technology,1.8286185,1466587520.0,36.814285,33.032623,0.0398,0.14275
135,AVES.DE,Aves One AG,Germany,XETRA,EUR,Common Stock,DE000A168114,4.0,,Rental & Leasing Services,Industrials,12.207671,169847056.0,11.614572,9.946737,-0.40111,0.81454
136,AWM.DE,Skyworks Solutions Inc,Germany,XETRA,EUR,Common Stock,,,,Semiconductors,Technology,5.3787403,25345077248.0,156.68857,151.01163,0.2984,0.49581
137,AXA.DE,AXA SA,Germany,XETRA,EUR,Common Stock,,6.0,,Insurance—Diversified,Financial Services,0.79296327,56882712576.0,23.321571,22.69927,0.02816,0.14259
138,AXJ.DE,Equitable Holdings Inc,Germany,XETRA,EUR,Common Stock,,2.0,,Insurance—Diversified,Financial Services,1.2481232,11392061440.0,26.285715,26.52766,0.0,0.0
139,AZ2.DE,Andritz AG,Germany,XETRA,EUR,Common Stock,,7.0,,Industrial Distribution,Industrials,3.9121404,4871756288.0,47.642857,44.602413,0.0395,0.4504
140,B4B.DE,Metro AG,Germany,XETRA,EUR,Common Stock,DE000BFB0019,7.0,,Food Distribution,Consumer Defensive,2.268537,4111412736.0,11.1318,10.151376,0.0234,0.16816999
141,B4B3.DE,Metro AG,Germany,XETRA,EUR,Common Stock,DE000BFB0027,7.0,,Food Distribution,Consumer Defensive,2.3046093,3966085376.0,11.434286,11.152837,0.0234,0.16816999
142,B4NA.DE,RICI Enhanced Aluminium TR USD ETC,Germany,XETRA,EUR,Common Stock,DE000PR5RAU2,,,,,,,,,,
143,B4NB.DE,RICI Enhanced Kupfer TR USD ETC,Germany,XETRA,EUR,Common Stock,DE000PR5RCU8,,,,,,,,,,
144,B4NC.DE,RICI Enhanced Nickel TR USD ETC,Germany,XETRA,EUR,Common Stock,DE000PR5RNU5,,,,,,,,,,
145,B4ND.DE,RICI Enhanced Zink TR USD ETC,Germany,XETRA,EUR,Common Stock,DE000PR5RZU9,,,,,,,,,,
146,B4NE.DE,RICI Enhanced Zinn TR USD ETC,Germany,XETRA,EUR,Common Stock,DE000PR5RTU2,,,,,,,,,,
147,B4NF.DE,BNP PAR.ISS. O.E. ETC,Germany,XETRA,EUR,Common Stock,,,,,,,,,,,
148,B4NS.DE,Zink TR ETC EUR,Germany,XETRA,EUR,Common Stock,DE000PB7Z1N5,,,,,,,,,,
149,B4NT.DE,Zinn TR ETC EUR,Germany,XETRA,EUR,Common Stock,DE000PB8T1N2,,,,,,,,,,
150,B4NX.DE,BNPP RICI Enhanced Energy (ER) Index EUR Hedge ETC,Germany,XETRA,EUR,Common Stock,DE000PZ9REE0,,,,,,,,,,
151,B4NY.DE,RICI Enhanced Brent Crude Oil (ER) Index EUR Hedge ETC,Germany,XETRA,EUR,Common Stock,DE000PZ9REB6,,,,,,,,,,
152,B4NZ.DE,RICI Enhanced WTI Crude Oil (ER) Index EUR Hedge ETC,Germany,XETRA,EUR,Common Stock,DE000PZ9REW2,,,,,,,,,,
153,B5A.DE,BAUER Aktiengesellschaft,Germany,XETRA,EUR,Common Stock,DE0005168108,3.0,,Engineering & Construction,Industrials,0.60767376,218983392.0,12.354857,11.957855,-0.0069999998,0.51347
154,B7E.DE,Blue Cap AG,Germany,XETRA,EUR,Common Stock,DE000A0JM2M1,5.0,,Asset Management,Financial Services,1.555024,124694856.0,28.48,25.985106,0.07112,0.46106
155,B7J.DE,SRV Yhtiöt Oyj,Germany,XETRA,EUR,Common Stock,,4.0,,Engineering & Construction,Industrials,0.8757062,164668912.0,0.64977145,0.6358369,-0.01593,0.10731
156,B8A.DE,BAVARIA Industries Group AG,Germany,XETRA,EUR,Common Stock,DE0002605557,4.0,,Asset Management,Financial Services,1.307852,384172800.0,76.71429,70.106384,-0.11338,0.50734
157,B8F.DE,Biofrontera AG,Germany,XETRA,EUR,Common Stock,DE0006046113,2.0,,Biotechnology,Healthcare,16.68831,145763712.0,2.6082857,2.6311347,-0.59741,0.85152
158,BAC.DE,Verizon Communications Inc,Germany,XETRA,EUR,Common Stock,US0605051046,6.0,,Telecom Services,Communication Services,2.6897595,191602425856.0,47.125,47.44624,0.15045,0.58655
159,BAS.DE,BASF SE,Germany,XETRA,EUR,Common Stock,DE000BASF111,3.0,,Chemicals,Basic Materials,1.5595053,59636838400.0,66.58372,68.37319,-0.0036700002,0.24819
160,BASA.DE,BASF SE,Germany,XETRA,EUR,Common Stock,,3.0,,Chemicals - Major Diversified,Basic Materials,1.719707,63384256512.0,17.48276,15.362043,-0.0036700002,0.24819
161,BAYN.DE,Bayer Aktiengesellschaft,Germany,XETRA,EUR,Common Stock,DE000BAY0017,3.0,,Drug Manufacturers—General,Healthcare,1.3545601,46851801088.0,48.564285,51.981594,-0.06434,0.60962003
162,BBDB.DE,Bombardier Inc,Germany,XETRA,EUR,Common Stock,,2.0,,Aerospace & Defense,Industrials,,3212487168.0,1.0916457,0.7610447,0.70265996,0.08484
163,BBVA.DE,Banco Bilbao Vizcaya Argentaria S.A,Germany,XETRA,EUR,Common Stock,ES0113211835,6.0,,Money Center Banks,Financial,0.643739,28856360960.0,4.5331035,3.5661314,0.26745,0.0
164,BBZA.DE,BB Biotech AG,Germany,XETRA,EUR,Common Stock,,,,Biotechnology,Healthcare,1.1685282,4592827392.0,81.93285,77.51667,1.70926,1.0
165,BC8.DE,Bechtle AG,Germany,XETRA,EUR,Common Stock,DE0005158703,6.0,,Information Technology Services,Technology,2.1961331,2647680000.0,59.292953,54.690804,0.03343,0.14571
166,BCO.DE,The Boeing Company,Germany,XETRA,EUR,Common Stock,,2.0,,Aerospace & Defense,Industrials,,110216978432.0,190.47458,197.74724,-0.14303,0.03996
167,BCY.DE,Barclays PLC,Germany,XETRA,EUR,Common Stock,,5.0,,Banks—Diversified,Financial Services,0.5781126,37454782464.0,2.1237571,2.0927036,0.18445,0.0
168,BDT.DE,Bertrandt Aktiengesellschaft,Germany,XETRA,EUR,Common Stock,DE0005232805,4.0,,Auto Parts,Consumer Cyclical,1.2383939,504624192.0,49.814285,50.62447,-0.00226,0.14511
169,BEI.DE,Beiersdorf Aktiengesellschaft,Germany,XETRA,EUR,Common Stock,DE0005200000,,,Household & Personal Products,Consumer Defensive,3.7426836,23351015424.0,103.37857,96.79234,0.08993,0.57758
170,BEZ.DE,Berentzen-Gruppe Aktiengesellschaft,Germany,XETRA,EUR,Common Stock,DE0005201602,6.0,,Beverages—Wineries & Distilleries,Consumer Defensive,1.2328495,58240876.0,6.2502856,6.191489,0.01715,0.42244998
171,BFSA.DE,Befesa S.A,Germany,XETRA,EUR,Common Stock,LU1704650164,5.0,,Waste Management,Industrials,7.4151874,2405108992.0,68.07143,61.35532,0.09337,0.44806
172,BIJ.DE,Bijou Brigitte modische Accessoires Aktiengesellschaft,Germany,XETRA,EUR,Common Stock,DE0005229504,,,Luxury Goods,Consumer Cyclical,0.91844374,179379936.0,23.431429,25.25603,-0.15100001,0.7531
173,BIL.DE,BHP Group,Germany,XETRA,EUR,Common Stock,,7.0,,Other Industrial Metals & Mining,Basic Materials,2.558404,124036112384.0,26.714285,25.739185,0.15049,0.78753996
174,BIO.DE,Biotest Aktiengesellschaft,Germany,XETRA,EUR,Common Stock,DE0005227201,5.0,,Biotechnology,Healthcare,3.0473137,1343273472.0,34.565716,31.876596,-0.06487,0.23659
175,BIO3.DE,Biotest Aktiengesellschaft,Germany,XETRA,EUR,Common Stock,DE0005227235,5.0,,Biotechnology,Healthcare,3.0651343,1371538432.0,35.24,32.048935,-0.06487,0.23659
176,BKHT.DE,BKHT,Germany,XETRA,EUR,Common Stock,,,,,,,,20.702858,23.197163,,
177,BMT.DE,British American Tobacco p.l.c,Germany,XETRA,EUR,Common Stock,,7.0,,Tobacco,Consumer Defensive,1.1663619,73198370816.0,31.857143,32.21936,0.24115999,0.82192004
178,BMW.DE,Bayerische Motoren Werke Aktiengesellschaft,Germany,XETRA,EUR,Common Stock,DE0005190003,6.0,,Auto Manufacturers,Consumer Cyclical,0.860427,51627290624.0,81.263145,84.63376,0.099309996,0.17648001
179,BMW3.DE,Bayerische Motoren Werke Aktiengesellschaft,Germany,XETRA,EUR,Common Stock,DE0005190037,6.0,,Auto Manufacturers,Consumer Cyclical,0.7453712,53685813248.0,70.22714,70.0922,0.099309996,0.17648001
180,BNN.DE,BRAIN Biotech AG,Germany,XETRA,EUR,Common Stock,DE0005203947,3.0,,,,,,,,,
181,BNP.DE,BNP Paribas SA,Germany,XETRA,EUR,Common Stock,,5.0,,,,,,,,,
182,BNQD.DE,RICI® EnhancedSM WTI Crude Öl TR ETC,Germany,XETRA,EUR,Common Stock,DE000PB6R1W7,,,,,,,,,,
183,BNQE.DE,RICI® EnhancedSM Erdgas TR ETC,Germany,XETRA,EUR,Common Stock,DE000PB6R1G0,,,,,,,,,,
184,BNQF.DE,RICI® EnhancedSM Diesel TR ETC,Germany,XETRA,EUR,Common Stock,DE000PB6R1D7,,,,,,,,,,
185,BNQG.DE,RICI® EnhancedSM Benzin TR ETC,Germany,XETRA,EUR,Common Stock,DE000PB6R101,,,,,,,,,,
186,BNQH.DE,RICI® EnhancedSM Heizöl TR ETC,Germany,XETRA,EUR,Common Stock,DE000PB6R1H8,,,,,,,,,,
187,BNQN.DE,RICI® EnhancedSM Aluminum TR ETC,Germany,XETRA,EUR,Common Stock,DE000PB8R1A1,,,,,,,,,,
188,BNQP.DE,RICI® EnhancedSM Kupfer TR ETC,Germany,XETRA,EUR,Common Stock,DE000PB8R1C7,,,,,,,,,,
189,BNQR.DE,RICI® EnhancedSM Zink TR ETC,Germany,XETRA,EUR,Common Stock,DE000PB8R1Z8,,,,,,,,,,
190,BNQS.DE,RICI® EnhancedSM Zinn TR ETC,Germany,XETRA,EUR,Common Stock,DE000PB8R1T1,,,,,,,,,,
191,BNQT.DE,RICI® EnhancedSM Blei TR ETC,Germany,XETRA,EUR,Common Stock,DE000PB8R1L8,,,,,,,,,,
192,BNQU.DE,RICI Enhanced Energie TR EUR ETC,Germany,XETRA,EUR,Common Stock,DE000PB8R1E3,,,,,,,,,,
193,BNQV.DE,RICI Enhanced Industriemetalle TR EUR ETC,Germany,XETRA,EUR,Common Stock,DE000PB8R1M6,,,,,,,,,,
194,BNQW.DE,RICI Enhanced Metall TR EUR ETC,Germany,XETRA,EUR,Common Stock,DE000PR0R1M0,,,,,,,,,,
195,BNR.DE,Brenntag SE,Germany,XETRA,EUR,Common Stock,DE000A1DAHH0,,,,,,,,,,
196,BNT1.DE,EYEMAXX Real Estate AG,Germany,XETRA,EUR,Common Stock,DE000A0V9L94,,,,,,,,,,
197,BOSS.DE,Hugo Boss AG,Germany,XETRA,EUR,Common Stock,DE000A1PHFF7,,,,,,,,,,
198,BOY.DE,Banco Bilbao Vizcaya Argentaria S.A,Germany,XETRA,EUR,Common Stock,,,,,,,,,,,
199,BPE.DE,BP p.l.c,Germany,XETRA,EUR,Common Stock,,,,,,,,,,,
200,BRM.DE,Bristol-Myers Squibb Company,Germany,XETRA,EUR,Common Stock,,,,,,,,,,,
201,BRYN.DE,Berkshire Hathaway Inc,Germany,XETRA,EUR,Common Stock,,,,,,,,,,,
202,BSD2.DE,Banco Santander S.A,Germany,XETRA,EUR,Common Stock,,,,,,,,,,,
203,BSL.DE,Basler Aktiengesellschaft,Germany,XETRA,EUR,Common Stock,DE0005102008,,,,,,,,,,
204,BSN.DE,Danone S.A,Germany,XETRA,EUR,Common Stock,,,,,,,,,,,
205,BSP.DE,BAE Systems plc,Germany,XETRA,EUR,Common Stock,,,,,,,,,,,
206,BST.DE,Bastei Lübbe AG,Germany,XETRA,EUR,Common Stock,DE000A1X3YY0,,,,,,,,,,
207,BTL.DE,Baxter International Inc,Germany,XETRA,EUR,Common Stock,,,,,,,,,,,
208,BTQ.DE,BT Group plc,Germany,XETRA,EUR,Common Stock,,,,,,,,,,,
209,BVB.DE,Borussia Dortmund GmbH & Co. Kommanditgesellschaft auf Aktien,Germany,XETRA,EUR,Common Stock,DE0005493092,,,,,,,,,,
210,BWB.DE,Baader Bank Aktiengesellschaft,Germany,XETRA,EUR,Common Stock,DE0005088108,,,,,,,,,,
211,BWQ.DE,Advanced Blockchain AG,Germany,XETRA,EUR,Common Stock,DE000A0M93V6,,,,,,,,,,
212,BYW.DE,BayWa Aktiengesellschaft,Germany,XETRA,EUR,Common Stock,DE0005194062,,,,,,,,,,
213,BYW6.DE,BayWa Aktiengesellschaft,Germany,XETRA,EUR,Common Stock,DE0005194062,,,,,,,,,,
214,C0M.DE,Compleo Charging Solutions AG,Germany,XETRA,EUR,Common Stock,DE000A2QDNX9,,,,,,,,,,
215,C1V.DE,mVISE AG,Germany,XETRA,EUR,Common Stock,DE0006204589,,,,,,,,,,
216,CAR.DE,Carrefour SA,Germany,XETRA,EUR,Common Stock,,,,,,,,,,,
217,CAT1.DE,Caterpillar Inc,Germany,XETRA,EUR,Common Stock,US1491231015,,,,,,,,,,
218,CBHD.DE,Coloplast A/S,Germany,XETRA,EUR,Common Stock,DK0060448595,,,,,,,,,,
219,CBK.DE,Commerzbank AG,Germany,XETRA,EUR,Common Stock,DE000CBK1001,,,,,,,,,,
220,CCAP.DE,CORESTATE Capital Holding S.A,Germany,XETRA,EUR,Common Stock,,,,,,,,,,,
221,CCC3.DE,The Coca-Cola Company,Germany,XETRA,EUR,Common Stock,,,,,,,,,,,
222,CE2.DE,CropEnergies AG,Germany,XETRA,EUR,Common Stock,DE000A0LAUP1,,,,,,,,,,
223,CEA.DE,FRIWO AG,Germany,XETRA,EUR,Common Stock,DE0006201106,,,,,,,,,,
224,CEC1.DE,Ceconomy AG,Germany,XETRA,EUR,Common Stock,DE0007257537,,,,,,,,,,
225,CEK.DE,CeoTronics AG,Germany,XETRA,EUR,Common Stock,,,,,,,,,,,
226,CFC.DE,UET United Electronic Technology AG,Germany,XETRA,EUR,Common Stock,DE000A0LBKW6,,,,,,,,,,
227,CHV.DE,Chevron Corporation,Germany,XETRA,EUR,Common Stock,,,,,,,,,,,
228,CIS.DE,Cisco Systems Inc,Germany,XETRA,EUR,Common Stock,,,,,,,,,,,
229,CLIQ.DE,Cliq Digital AG,Germany,XETRA,EUR,Common Stock,DE000A0HHJR3,,,,,,,,,,
230,CMC.DE,JPMorgan Chase & Co,Germany,XETRA,EUR,Common Stock,,,,,,,,,,,
231,CNWK.DE,co.don AG,Germany,XETRA,EUR,Common Stock,DE000A1K0227,,,,,,,,,,
232,CO3A.DE,Coty Inc,Germany,XETRA,EUR,Common Stock,,,,,,,,,,,
233,COK.DE,Cancom SE,Germany,XETRA,EUR,Common Stock,DE0005419105,,,,,,,,,,
234,CON.DE,Continental Aktiengesellschaft,Germany,XETRA,EUR,Common Stock,DE0005439004,,,,,,,,,,
235,COP.DE,CompuGroup Medical SE & Co. KGaA,Germany,XETRA,EUR,Common Stock,DE000A288904,,,,,,,,,,
236,CORE.DE,Coreo AG,Germany,XETRA,EUR,Common Stock,,,,,,,,,,,
237,CPA.DE,Colgate-Palmolive Company,Germany,XETRA,EUR,Common Stock,,,,,,,,,,,
238,CPX.DE,capsensixx AG,Germany,XETRA,EUR,Common Stock,DE000A2G9M17,,,,,,,,,,
239,CQD.DE,CHARTER COM. CL. A,Germany,XETRA,EUR,Common Stock,,,,,,,,,,,
240,CRIN.DE,UniCredit SpA,Germany,XETRA,EUR,Common Stock,,,,,,,,,,,
241,CRZK.DE,CR Capital AG,Germany,XETRA,EUR,Common Stock,,,,,,,,,,,
242,CSQ.DE,creditshelf Aktiengesellschaft,Germany,XETRA,EUR,Common Stock,DE000A2LQUA5,,,,,,,,,,
243,CWC.DE,CEWE Stiftung & Co. KGaA,Germany,XETRA,EUR,Common Stock,DE0005403901,,,,,,,,,,
244,CYR.DE,cyan AG,Germany,XETRA,EUR,Common Stock,DE000A2E4SV8,,,,,,,,,,
245,D6H.DE,DATAGROUP SE,Germany,XETRA,EUR,Common Stock,DE000A0JC8S7,,,,,,,,,,
246,DAI.DE,Daimler AG,Germany,XETRA,EUR,Common Stock,DE0007100000,,,,,,,,,,
247,DAM.DE,DATA MODUL Aktiengesellschaft Produktion und Vertrieb von elektronischen Systemen,Germany,XETRA,EUR,Common Stock,DE0005498901,,,,,,,,,,
248,DAP.DE,Danaher Corporation,Germany,XETRA,EUR,Common Stock,,,,,,,,,,,
249,DAR.DE,DATRON AG,Germany,XETRA,EUR,Common Stock,DE000A0V9LA7,,,,,,,,,,
250,DB1.DE,Deutsche Börse AG,Germany,XETRA,EUR,Common Stock,DE0005810055,,,,,,,,,,
251,DBAN.DE,Deutsche Beteiligungs AG,Germany,XETRA,EUR,Common Stock,DE000A1TNUT7,,,,,,,,,,
252,DBD.DE,Diebold Nixdorf Incorporated,Germany,XETRA,EUR,Common Stock,US2536511031,,,,,,,,,,
253,DBK.DE,Deutsche Bank Aktiengesellschaft,Germany,XETRA,EUR,Common Stock,DE0005140008,,,,,,,,,,
254,DC6C.DE,Discovery Communications Inc,Germany,XETRA,EUR,Common Stock,,,,,,,,,,,
255,DC7.DE,Discover Financial Services,Germany,XETRA,EUR,Common Stock,,,,,,,,,,,
256,DCO.DE,Deere & Company,Germany,XETRA,EUR,Common Stock,,,,,,,,,,,
257,DEF.DE,DEFAMA Deutsche Fachmarkt AG,Germany,XETRA,EUR,Common Stock,DE000A13SUL5,,,,,,,,,,
258,DEQ.DE,Deutsche EuroShop AG,Germany,XETRA,EUR,Common Stock,DE0007480204,,,,,,,,,,
259,DEX.DE,Delticom AG,Germany,XETRA,EUR,Common Stock,DE0005146807,,,,,,,,,,
260,DEZ.DE,DEUTZ Aktiengesellschaft,Germany,XETRA,EUR,Common Stock,DE0006305006,,,,,,,,,,
261,DFTK.DE,DF Deutsche Forfait AG,Germany,XETRA,EUR,Common Stock,DE000A2AA204,,,,,,,,,,
262,DFV.DE,DFV Deutsche Familienversicherung AG,Germany,XETRA,EUR,Common Stock,DE000A2NBVD5,,,,,,,,,,
263,DGR.DE,Deutsche Grundstücksauktionen AG,Germany,XETRA,EUR,Common Stock,DE0005533400,,,,,,,,,,
264,DHER.DE,Delivery Hero SE,Germany,XETRA,EUR,Common Stock,DE000A2E4K43,,,,,,,,,,
265,DIC.DE,DIC Asset AG,Germany,XETRA,EUR,Common Stock,DE000A1X3XX4,,,,,,,,,,
266,DIE.DE,Dierig Holding AG,Germany,XETRA,EUR,Common Stock,DE0005580005,,,,,,,,,,
267,DIS.DE,DVS Technology AG,Germany,XETRA,EUR,Common Stock,US2546871060,,,,,,,,,,
268,DKG.DE,Deutsche Konsum REIT-AG,Germany,XETRA,EUR,Common Stock,DE000A14KRD3,,,,,,,,,,
269,DLG.DE,Dialog Semiconductor Plc,Germany,XETRA,EUR,Common Stock,GB0059822006,,,,,,,,,,
270,DLX.DE,Delignit AG,Germany,XETRA,EUR,Common Stock,DE000A0MZ4B0,,,,,,,,,,
271,DMP.DE,Dermapharm Holding SE,Germany,XETRA,EUR,Common Stock,DE000A2GS5D8,,,,,,,,,,
272,DMRE.DE,DEMIRE Deutsche Mittelstand Real Estate AG,Germany,XETRA,EUR,Common Stock,DE000A0XFSF0,,,,,,,,,,
273,DPW.DE,Deutsche Post AG,Germany,XETRA,EUR,Common Stock,DE0005552004,,,,,,,,,,
274,DR0.DE,Deutsche Rohstoff AG,Germany,XETRA,EUR,Common Stock,DE000A0XYG76,,,,,,,,,,
275,DRW3.DE,Drägerwerk AG & Co. KGaA,Germany,XETRA,EUR,Common Stock,DE0005550636,,,,,,,,,,
276,DRW8.DE,Drägerwerk AG & Co. KGaA,Germany,XETRA,EUR,Common Stock,DE0005550602,,,,,,,,,,
277,DTD2.DE,B+S Banksysteme Aktiengesellschaft,Germany,XETRA,EUR,Common Stock,DE0001262152,,,,,,,,,,
278,DTE.DE,Deutsche Telekom AG,Germany,XETRA,EUR,Common Stock,DE0005557508,,,,,,,,,,
279,DTEA.DE,Deutsche Telekom AG,Germany,XETRA,EUR,Common Stock,,,,,,,,,,,
280,DUE.DE,Dürr Aktiengesellschaft,Germany,XETRA,EUR,Common Stock,DE0005565204,,,,,,,,,,
281,DWNI.DE,Deutsche Wohnen SE,Germany,XETRA,EUR,Common Stock,DE000A0HN5C6,,,,,,,,,,
282,DWS.DE,DWS Group GmbH & Co. KGaA,Germany,XETRA,EUR,Common Stock,DE000DWS1007,,,,,,,,,,
283,DY2.DE,DENTSPLY International Inc,Germany,XETRA,EUR,Common Stock,,,,,,,,,,,
284,E2F.DE,Electricité de France S.A,Germany,XETRA,EUR,Common Stock,,,,,,,,,,,
285,E4C.DE,ecotel communication ag,Germany,XETRA,EUR,Common Stock,DE0005854343,,,,,,,,,,
286,E8X.DE,elexxion AG,Germany,XETRA,EUR,Common Stock,DE000A0KFKH0,,,,,,,,,,
287,EBA.DE,eBay Inc,Germany,XETRA,EUR,Common Stock,,,,,,,,,,,
288,EBE.DE,aifinyo AG,Germany,XETRA,EUR,Common Stock,DE000A2G8XP9,,,,,,,,,,
289,EBK.DE,EnBW Energie Baden-Württemberg AG,Germany,XETRA,EUR,Common Stock,DE0005220008,,,,,,,,,,
290,EBO.DE,Erste Group Bank AG,Germany,XETRA,EUR,Common Stock,AT0000652011,,,,,,,,,,
291,ECF.DE,Mountain Alliance AG,Germany,XETRA,EUR,Common Stock,DE000A12UK08,,,,,,,,,,
292,ECK.DE,LUDWIG BECK am Rathauseck - Textilhaus Feldmeier AG,Germany,XETRA,EUR,Common Stock,DE0005199905,,,,,,,,,,
293,ECV.DE,Encavis AG,Germany,XETRA,EUR,Common Stock,DE0006095003,,,,,,,,,,
294,ECX.DE,Epigenomics AG,Germany,XETRA,EUR,Common Stock,DE000A11QW50,,,,,,,,,,
295,ED4.DE,EDAG Engineering Group AG,Germany,XETRA,EUR,Common Stock,CH0303692047,,,,,,,,,,
296,EDL.DE,Edel SE & Co. KGaA,Germany,XETRA,EUR,Common Stock,DE0005649503,,,,,,,,,,
297,EFF.DE,Deutsche Effecten- und Wechsel-Beteiligungsgesellschaft AG,Germany,XETRA,EUR,Common Stock,DE0008041005,,,,,,,,,,
298,EGV2.DE,MULTI-UNITS LUXEMBOURG - Lyxor Smart Overnight Return,Germany,XETRA,EUR,Common Stock,,,,,,,,,,,
299,EIN3.DE,Einhell Germany AG,Germany,XETRA,EUR,Common Stock,DE0005654933,,,,,,,,,,
300,EKT.DE,Energiekontor AG,Germany,XETRA,EUR,Common Stock,DE0005313506,,,,,,,,,,
301,ELB.DE,elumeo SE,Germany,XETRA,EUR,Common Stock,DE000A11Q059,,,,,,,,,,
302,ELG.DE,Elmos Semiconductor SE,Germany,XETRA,EUR,Common Stock,DE0005677108,,,,,,,,,,
303,EMH.DE,pferdewetten.de AG,Germany,XETRA,EUR,Common Stock,,,,,,,,,,,
304,ENI.DE,Eni S.p.A,Germany,XETRA,EUR,Common Stock,IT0003132476,,,,,,,,,,
305,ENL.DE,Enel SpA,Germany,XETRA,EUR,Common Stock,,,,,,,,,,,
306,ENR.DE,Siemens Energy AG,Germany,XETRA,EUR,Common Stock,DE000ENER6Y0,,,,,,,,,,
307,EOAN.DE,E.ON SE,Germany,XETRA,EUR,Common Stock,DE000ENAG999,,,,,,,,,,
308,EQS.DE,EQS Group AG,Germany,XETRA,EUR,Common Stock,DE0005494165,,,,,,,,,,
309,ERCB.DE,Telefonaktiebolaget LM Ericsson (publ),Germany,XETRA,EUR,Common Stock,,,,,,,,,,,
310,ERCG.DE,Telefonaktiebolaget LM Ericsson (publ),Germany,XETRA,EUR,Common Stock,,,,,,,,,,,
311,ERO1.DE,tmc Content Group AG,Germany,XETRA,EUR,Common Stock,CH0016458363,,,,,,,,,,
312,ERT.DE,Electronic Arts Inc,Germany,XETRA,EUR,Common Stock,,,,,,,,,,,
313,ERWE.DE,ERWE Immobilien AG,Germany,XETRA,EUR,Common Stock,,,,,,,,,,,
314,ESY.DE,EASY SOFTWARE AG,Germany,XETRA,EUR,Common Stock,DE0005634000,,,,,,,,,,
315,ETG.DE,EnviTec Biogas AG,Germany,XETRA,EUR,Common Stock,DE000A0MVLS8,,,,,,,,,,
316,EUZ.DE,Eckert & Ziegler Strahlen- und Medizintechnik AG,Germany,XETRA,EUR,Common Stock,DE0005659700,,,,,,,,,,
317,EVD.DE,CTS Eventim AG & Co. KGaA,Germany,XETRA,EUR,Common Stock,DE0005470306,,,,,,,,,,
318,EVK.DE,Evonik Industries AG,Germany,XETRA,EUR,Common Stock,DE000EVNK013,,,,,,,,,,
319,EVT.DE,Evotec SE,Germany,XETRA,EUR,Common Stock,DE0005664809,,,,,,,,,,
320,EX9.DE,Exelixis Inc,Germany,XETRA,EUR,Common Stock,,,,,,,,,,,
321,EXC.DE,exceet Group SCA,Germany,XETRA,EUR,Common Stock,LU0472835155,,,,,,,,,,
322,EXJ.DE,Readcrest Capital AG,Germany,XETRA,EUR,Common Stock,DE000A1E89S5,,,,,,,,,,
323,EXL.DE,Exasol AG,Germany,XETRA,EUR,Common Stock,,,,,,,,,,,
324,F03.DE,FORTIVE CORP.      DL-01,Germany,XETRA,EUR,Common Stock,,,,,,,,,,,
325,F3A.DE,First Solar Inc,Germany,XETRA,EUR,Common Stock,,,,,,,,,,,
326,F3C.DE,SFC Energy AG,Germany,XETRA,EUR,Common Stock,DE0007568578,,,,,,,,,,
327,FAA.DE,Fabasoft AG,Germany,XETRA,EUR,Common Stock,AT0000785407,,,,,,,,,,
328,FB2A.DE,Facebook Inc,Germany,XETRA,EUR,Common Stock,US30303M1027,,,,,,,,,,
329,FBEN.DE,Fyber N.V,Germany,XETRA,EUR,Common Stock,NL0014433377,,,,,,,,,,
330,FC9.DE,FCR Immobilien AG,Germany,XETRA,EUR,Common Stock,DE000A1YC913,,,,,,,,,,
331,FDX.DE,FedEx Corporation,Germany,XETRA,EUR,Common Stock,US31428X1063,,,,,,,,,,
332,FEV.DE,FORTEC Elektronik AG,Germany,XETRA,EUR,Common Stock,DE0005774103,,,,,,,,,,
333,FF24.DE,Fast Finance24 Holding AG,Germany,XETRA,EUR,Common Stock,DE000A1PG508,,,,,,,,,,
334,FHL.DE,Federal Home Loan Mortgage Corporation,Germany,XETRA,EUR,Common Stock,,,,,,,,,,,
335,FIE.DE,Fielmann Aktiengesellschaft,Germany,XETRA,EUR,Common Stock,DE0005772206,,,,,,,,,,
336,FMC1.DE,Ford Motor Company,Germany,XETRA,EUR,Common Stock,,,,,,,,,,,
337,FME.DE,Fresenius Medical Care AG & Co. KGaA,Germany,XETRA,EUR,Common Stock,DE0005785802,,,,,,,,,,
338,FMV.DE,First Majestic Silver Corp,Germany,XETRA,EUR,Common Stock,,,,,,,,,,,
339,FNTN.DE,freenet AG,Germany,XETRA,EUR,Common Stock,DE000A0Z2ZZ5,,,,,,,,,,
340,FPE.DE,Fuchs Petrolub SE,Germany,XETRA,EUR,Common Stock,DE0005790430,,,,,,,,,,
341,FPE3.DE,Fuchs Petrolub SE,Germany,XETRA,EUR,Common Stock,DE0005790406,,,,,,,,,,
342,FPH.DE,Francotyp-Postalia Holding AG,Germany,XETRA,EUR,Common Stock,DE000FPH9000,,,,,,,,,,
343,FQT.DE,Frequentis AG,Germany,XETRA,EUR,Common Stock,ATFREQUENT09,,,,,,,,,,
344,FRA.DE,Fraport AG,Germany,XETRA,EUR,Common Stock,DE0005773303,,,,,,,,,,
345,FRE.DE,Fresenius SE & Co. KGaA,Germany,XETRA,EUR,Common Stock,DE0005785604,,,,,,,,,,
346,FRS.DE,FORIS AG,Germany,XETRA,EUR,Common Stock,DE0005775803,,,,,,,,,,
347,FRU.DE,Multitude SE,Germany,XETRA,EUR,Common Stock,FI4000106299,,,,,,,,,,
348,FSNT.DE,fashionette Ag,Germany,XETRA,EUR,Common Stock,DE000A2QEFA1,,,,,,,,,,
349,FTE.DE,Orange S.A,Germany,XETRA,EUR,Common Stock,FR0000133308,,,,,,,,,,
350,FTK.DE,flatexDEGIRO AG,Germany,XETRA,EUR,Common Stock,DE000FTG1111,,,Capital Markets,Financial Services,1.3963743,625315072.0,92.358574,95.907394,0.19499001,0.80681
351,FYB.DE,Formycon AG,Germany,XETRA,EUR,Common Stock,DE000A1EWVY8,,,,,,,,,,
352,G1A.DE,GEA Group Aktiengesellschaft,Germany,XETRA,EUR,Common Stock,DE0006602006,,,,,,,,,,
353,G24.DE,Scout24 AG,Germany,XETRA,EUR,Common Stock,DE000A12DM80,,,,,,,,,,
354,G5NA.DE,Groupon Inc,Germany,XETRA,EUR,Common Stock,US3994732069,,,,,,,,,,
355,G6P.DE,Going Public Media Aktiengesellschaft,Germany,XETRA,EUR,Common Stock,,,,,,,,,,,
356,GAG.DE,GORE German Office Real Estate AG,Germany,XETRA,EUR,Common Stock,,,,,,,,,,,
357,GAZ.DE,Public Joint Stock Company Gazprom,Germany,XETRA,EUR,Common Stock,US3682872078,,,,,,,,,,
358,GBF.DE,Bilfinger SE,Germany,XETRA,EUR,Common Stock,DE0005909006,,,,,,,,,,
359,GBY.DE,Sangamo Therapeutics Inc,Germany,XETRA,EUR,Common Stock,,,,,,,,,,,
360,GEC.DE,General Electric Company,Germany,XETRA,EUR,Common Stock,US3696043013,,,,,,,,,,
361,GFG.DE,Global Fashion Group S.A,Germany,XETRA,EUR,Common Stock,LU2010095458,,,,,,,,,,
362,GFT.DE,GFT Technologies SE,Germany,XETRA,EUR,Common Stock,DE0005800601,,,,,,,,,,
363,GGS.DE,Gigaset AG,Germany,XETRA,EUR,Common Stock,DE0005156004,,,,,,,,,,
364,GIH.DE,Gold Resource Corp,Germany,XETRA,EUR,Common Stock,,,,,,,,,,,
365,GIL.DE,DMG MORI AKTIENGESELLSCHAFT,Germany,XETRA,EUR,Common Stock,DE0005878003,,,,,,,,,,
366,GIS.DE,Gilead Sciences Inc,Germany,XETRA,EUR,Common Stock,US3703341046,,,,,,,,,,
367,GKS.DE,GK Software SE,Germany,XETRA,EUR,Common Stock,DE0007571424,,,,,,,,,,
368,GLJ.DE,Grenke AG,Germany,XETRA,EUR,Common Stock,DE000A161N30,,,,,,,,,,
369,GME.DE,Geratherm Medical AG,Germany,XETRA,EUR,Common Stock,DE0005495626,,,,,,,,,,
370,GMM.DE,Grammer AG,Germany,XETRA,EUR,Common Stock,DE0005895403,,,,,,,,,,
371,GOB.DE,Compagnie de Saint-Gobain S.A,Germany,XETRA,EUR,Common Stock,,,,,,,,,,,
372,GOS.DE,The Goldman Sachs Group Inc,Germany,XETRA,EUR,Common Stock,,,,,,,,,,,
373,GRM.DE,General Mills Inc,Germany,XETRA,EUR,Common Stock,,,,,,,,,,,
374,GS7.DE,GlaxoSmithKline plc,Germany,XETRA,EUR,Common Stock,,,,,,,,,,,
375,GSC1.DE,Gesco AG,Germany,XETRA,EUR,Common Stock,DE000A1K0201,,,,,,,,,,
376,GSJ.DE,SGT German Private Equity GmbH & Co. KGaA,Germany,XETRA,EUR,Common Stock,DE000A1MMEV4,,,,,,,,,,
377,GTK.DE,Tonkens Agrar AG,Germany,XETRA,EUR,Common Stock,DE000A1EMHE0,,,,,,,,,,
378,GTR.DE,The Goodyear Tire & Rubber Company,Germany,XETRA,EUR,Common Stock,,,,,,,,,,,
379,GTY.DE,Gateway Real Estate AG,Germany,XETRA,EUR,Common Stock,,,,,,,,,,,
380,GUI.DE,Diageo plc,Germany,XETRA,EUR,Common Stock,,,,,,,,,,,
381,GWI2.DE,GERRY WEBER International AG,Germany,XETRA,EUR,Common Stock,,,,,,,,,,,
382,GXI.DE,Gerresheimer AG,Germany,XETRA,EUR,Common Stock,DE000A0LD6E6,,,,,,,,,,
383,GYC.DE,Grand City Properties S.A,Germany,XETRA,EUR,Common Stock,LU0775917882,,,,,,,,,,
384,GZF.DE,ENGIE SA,Germany,XETRA,EUR,Common Stock,,,,,,,,,,,
385,H24.DE,home24 SE,Germany,XETRA,EUR,Common Stock,DE000A14KEB5,,,,,,,,,,
386,H2O.DE,Enapter AG,Germany,XETRA,EUR,Common Stock,,,,,,,,,,,
387,H5E.DE,HELMA Eigenheimbau Aktiengesellschaft,Germany,XETRA,EUR,Common Stock,DE000A0EQ578,,,,,,,,,,
388,H9W.DE,HWA AG,Germany,XETRA,EUR,Common Stock,DE000A0LR4P1,,,,,,,,,,
389,H9Y.DE,HanseYachts AG,Germany,XETRA,EUR,Common Stock,DE000A0KF6M8,,,,,,,,,,
390,HAB.DE,Hamborner REIT AG,Germany,XETRA,EUR,Common Stock,,,,,,,,,,,
391,HABA.DE,Hamborner REIT AG,Germany,XETRA,EUR,Common Stock,DE000A3H2333,,,,,,,,,,
392,HAEK.DE,HAEMATO AG,Germany,XETRA,EUR,Common Stock,DE000A289VV1,,,,,,,,,,
393,HAG.DE,HAG,Germany,XETRA,EUR,Common Stock,DE000HAG0005,,,,,,,,,,
394,HAL.DE,Halliburton Company,Germany,XETRA,EUR,Common Stock,US4062161017,,,,,,,,,,
395,HAR.DE,Harley-Davidson Inc,Germany,XETRA,EUR,Common Stock,,,,,,,,,,,
396,HAW.DE,Hawesko Holding AG,Germany,XETRA,EUR,Common Stock,DE0006042708,,,,,,,,,,
397,HBC1.DE,HSBC Holdings plc,Germany,XETRA,EUR,Common Stock,,,,,,,,,,,
398,HBH.DE,HORNBACH Holding AG & Co. KGaA,Germany,XETRA,EUR,Common Stock,DE0006083405,,,,,,,,,,
399,HBM.DE,HORNBACH Baumarkt AG,Germany,XETRA,EUR,Common Stock,DE0006084403,,,,,,,,,,
400,HDD.DE,Heidelberger Druckmaschinen Aktiengesellschaft,Germany,XETRA,EUR,Common Stock,DE0007314007,,,,,,,,,,
401,HDI.DE,The Home Depot Inc,Germany,XETRA,EUR,Common Stock,,,,,,,,,,,
402,HEI.DE,HeidelbergCement AG,Germany,XETRA,EUR,Common Stock,DE0006047004,,,,,,,,,,
403,HEN.DE,Henkel AG & Co. KGaA,Germany,XETRA,EUR,Common Stock,DE0006048408,,,,,,,,,,
404,HEN3.DE,Henkel AG & Co. KGaA,Germany,XETRA,EUR,Common Stock,DE0006048432,,,,,,,,,,
405,HFG.DE,HelloFresh SE,Germany,XETRA,EUR,Common Stock,DE000A161408,,,,,,,,,,
406,HGEA.DE,hGears AG,Germany,XETRA,EUR,Common Stock,DE000A3CMGN3,,,,,,,,,,
407,HHFA.DE,Hamburger Hafen und Logistik Aktiengesellschaft,Germany,XETRA,EUR,Common Stock,DE000A0S8488,,,,,,,,,,
408,HLAG.DE,Hapag-Lloyd Aktiengesellschaft,Germany,XETRA,EUR,Common Stock,DE000HLAG475,,,,,,,,,,
409,HLE.DE,HELLA GmbH & Co. KGaA,Germany,XETRA,EUR,Common Stock,DE000A13SX22,,,,,,,,,,
410,HLG.DE,Highlight Communications AG,Germany,XETRA,EUR,Common Stock,CH0006539198,,,,,,,,,,
411,HMSB.DE,H & M Hennes & Mauritz AB (publ),Germany,XETRA,EUR,Common Stock,,,,,,,,,,,
412,HMU.DE,HMS Bergbau AG,Germany,XETRA,EUR,Common Stock,DE0006061104,,,,,,,,,,
413,HN9.DE,Hanesbrands Inc,Germany,XETRA,EUR,Common Stock,,,,,,,,,,,
414,HNK1.DE,Heineken N.V,Germany,XETRA,EUR,Common Stock,,,,,,,,,,,
415,HNL.DE,Dr. Hönle AG,Germany,XETRA,EUR,Common Stock,DE0005157101,,,,,,,,,,
416,HNM.DE,Ormat Technologies Inc,Germany,XETRA,EUR,Common Stock,,,,,,,,,,,
417,HNR1.DE,Hannover Rück SE,Germany,XETRA,EUR,Common Stock,DE0008402215,,,,,,,,,,
418,HO1.DE,Hologic Inc,Germany,XETRA,EUR,Common Stock,,,,,,,,,,,
419,HOC.DE,HolidayCheck Group AG,Germany,XETRA,EUR,Common Stock,DE0005495329,,,,,,,,,,
420,HOT.DE,HOCHTIEF Aktiengesellschaft,Germany,XETRA,EUR,Common Stock,DE0006070006,,,,,,,,,,
421,HP3.DE,Ringmetall AG,Germany,XETRA,EUR,Common Stock,DE0006001902,,,,,,,,,,
422,HPBK.DE,Heliad Equity Partners GmbH & Co. KGaA,Germany,XETRA,EUR,Common Stock,DE000A0L1NN5,,,,,,,,,,
423,HPHA.DE,Heidelberg Pharma AG,Germany,XETRA,EUR,Common Stock,DE000A11QVV0,,,,,,,,,,
424,HRPK.DE,7C Solarparken AG,Germany,XETRA,EUR,Common Stock,DE000A11QW68,,,,,,,,,,
425,HRS.DE,Harris Corporation,Germany,XETRA,EUR,Common Stock,,,,,,,,,,,
426,HXCK.DE,Ernst Russ AG,Germany,XETRA,EUR,Common Stock,DE000A161077,,,,,,,,,,
427,HYQ.DE,Hypoport SE,Germany,XETRA,EUR,Common Stock,DE0005493365,,,,,,,,,,
428,I7N.DE,ItN Nanovation AG,Germany,XETRA,EUR,Common Stock,DE000A0JL461,,,,,,,,,,
429,I8R.DE,iRobot Corporation,Germany,XETRA,EUR,Common Stock,,,,,,,,,,,
430,IBE1.DE,Iberdrola S.A,Germany,XETRA,EUR,Common Stock,,,,,,,,,,,
431,IBM.DE,International Business Machines Corporation,Germany,XETRA,EUR,Common Stock,US4592001014,,,,,,,,,,
432,IBU.DE,IBU-tec advanced materials AG,Germany,XETRA,EUR,Common Stock,DE000A0XYHT5,,,,,,,,,,
433,IC8.DE,InCity Immobilien AG,Germany,XETRA,EUR,Common Stock,DE000A0HNF96,,,,,,,,,,
434,IDP.DE,Biogen Inc,Germany,XETRA,EUR,Common Stock,,,,,,,,,,,
435,IES.DE,Intesa Sanpaolo S.p.A,Germany,XETRA,EUR,Common Stock,,,,,,,,,,,
436,IF0.DE,InflaRx N.V,Germany,XETRA,EUR,Common Stock,,,,,,,,,,,
437,IFX.DE,Infineon Technologies AG,Germany,XETRA,EUR,Common Stock,DE0006231004,,,,,,,,,,
438,ILM1.DE,Medios AG,Germany,XETRA,EUR,Common Stock,DE000A1MMCC8,,,,,,,,,,
439,INH.DE,INDUS Holding AG,Germany,XETRA,EUR,Common Stock,DE0006200108,,,,,,,,,,
440,INL.DE,Intel Corporation,Germany,XETRA,EUR,Common Stock,,,,,,,,,,,
441,INN1.DE,ING Groep N.V,Germany,XETRA,EUR,Common Stock,NL0011821202,,,,,,,,,,
442,INP.DE,International Paper Company,Germany,XETRA,EUR,Common Stock,,,,,,,,,,,
443,INW1.DE,GBS Software AG,Germany,XETRA,EUR,Common Stock,DE000A14KR27,,,,,,,,,,
444,IPOK.DE,Heidelberger Beteiligungsholding AG,Germany,XETRA,EUR,Common Stock,DE0005250005,,,,,,,,,,
445,IQL.DE,IQ INTL AG         SF-01,Germany,XETRA,EUR,Common Stock,,,,,,,,,,,
446,IS7.DE,InTiCa Systems AG,Germany,XETRA,EUR,Common Stock,DE0005874846,,,,,,,,,,
447,IS8.DE,ifa systems AG,Germany,XETRA,EUR,Common Stock,DE0007830788,,,,,,,,,,
448,ISHA.DE,INTERSHOP Communications Aktiengesellschaft,Germany,XETRA,EUR,Common Stock,,,,,,,,,,,
449,ITB.DE,Imperial Brands PLC,Germany,XETRA,EUR,Common Stock,,,,,,,,,,,
450,ITN.DE,Intertainment AG,Germany,XETRA,EUR,Common Stock,DE0006223605,,,,,,,,,,
451,IUR.DE,KAP AG,Germany,XETRA,EUR,Common Stock,DE0006208408,,,,,,,,,,
452,IVU.DE,IVU Traffic Technologies AG,Germany,XETRA,EUR,Common Stock,DE0007448508,,,,,,,,,,
453,IVX.DE,InVision Aktiengesellschaft,Germany,XETRA,EUR,Common Stock,DE0005859698,,,,,,,,,,
454,IXD1.DE,Industria de Diseno Textil SA,Germany,XETRA,EUR,Common Stock,ES0148396007,,,,,,,,,,
455,IXX.DE,init innovation in traffic systems SE,Germany,XETRA,EUR,Common Stock,DE0005759807,,,,,,,,,,
456,JB7.DE,Deutsche Industrie REIT-AG,Germany,XETRA,EUR,Common Stock,DE000A2G9LL1,,,,,,,,,,
457,JDC.DE,JDC Group AG,Germany,XETRA,EUR,Common Stock,DE000A0B9N37,,,,,,,,,,
458,JDE.DE,JDE Peets NV,Germany,XETRA,EUR,Common Stock,,,,,,,,,,,
459,JEN.DE,Jenoptik AG,Germany,XETRA,EUR,Common Stock,DE000A2NB601,,,,,,,,,,
460,JNJ.DE,Johnson & Johnson,Germany,XETRA,EUR,Common Stock,US4781601046,,,,,,,,,,
461,JST.DE,JOST Werke AG,Germany,XETRA,EUR,Common Stock,DE000JST4000,,,,,,,,,,
462,JUN3.DE,Jungheinrich Aktiengesellschaft,Germany,XETRA,EUR,Common Stock,DE0006219934,,,,,,,,,,
463,K1R.DE,KROMI Logistik AG,Germany,XETRA,EUR,Common Stock,DE000A0KFUJ5,,,,,,,,,,
464,KA8.DE,Klassik Radio AG,Germany,XETRA,EUR,Common Stock,DE0007857476,,,,,,,,,,
465,KBX.DE,Knorr-Bremse Aktiengesellschaft,Germany,XETRA,EUR,Common Stock,DE000KBX1006,,,,,,,,,,
466,KCO.DE,Klöckner & Co SE,Germany,XETRA,EUR,Common Stock,DE000KC01000,,,,,,,,,,
467,KEL.DE,Kellogg Company,Germany,XETRA,EUR,Common Stock,,,,,,,,,,,
468,KGX.DE,KION GROUP AG,Germany,XETRA,EUR,Common Stock,DE000KGX8881,,,,,,,,,,
469,KHNZ.DE,The Kraft Heinz Company,Germany,XETRA,EUR,Common Stock,US5007541064,,,,,,,,,,
470,KIN2.DE,Kinross Gold Corporation,Germany,XETRA,EUR,Common Stock,,,,,,,,,,,
471,KRN.DE,Krones AG,Germany,XETRA,EUR,Common Stock,DE0006335003,,,,,,,,,,
472,KSB.DE,KSB SE & Co. KGaA,Germany,XETRA,EUR,Common Stock,DE0006292006,,,,,,,,,,
473,KSB3.DE,KSB SE & Co. KGaA,Germany,XETRA,EUR,Common Stock,DE0006292030,,,,,,,,,,
474,KSC.DE,KPS AG,Germany,XETRA,EUR,Common Stock,DE000A1A6V48,,,,,,,,,,
475,KTA.DE,Knaus Tabbert AG,Germany,XETRA,EUR,Common Stock,,,,,,,,,,,
476,KTF.DE,Mondelez International Inc,Germany,XETRA,EUR,Common Stock,,,,,,,,,,,
477,KU2.DE,KUKA Aktiengesellschaft,Germany,XETRA,EUR,Common Stock,DE0006204407,,,,,,,,,,
478,KWG.DE,KHD Humboldt Wedag International AG,Germany,XETRA,EUR,Common Stock,DE0006578008,,,,,,,,,,
479,KWS.DE,KWS SAAT SE & Co. KGaA,Germany,XETRA,EUR,Common Stock,DE0007074007,,,,,,,,,,
480,L1OA.DE,Lloyd Fonds AG,Germany,XETRA,EUR,Common Stock,DE000A12UP29,,,,,,,,,,
481,LCR.DE,Las Vegas Sands Corp,Germany,XETRA,EUR,Common Stock,,,,,,,,,,,
482,LDAX.DE,LDAX,Germany,XETRA,EUR,Common Stock,,,,,,,,,,,
483,LEG.DE,LEG Immobilien SE,Germany,XETRA,EUR,Common Stock,DE000LEG1110,,,,,,,,,,
484,LEI.DE,Leifheit Aktiengesellschaft,Germany,XETRA,EUR,Common Stock,DE0006464506,,,,,,,,,,
485,LEN.DE,Lenzing Aktiengesellschaft,Germany,XETRA,EUR,Common Stock,,,,,,,,,,,
486,LEO.DE,LEONI AG,Germany,XETRA,EUR,Common Stock,DE0005408884,,,,,,,,,,
487,LHA.DE,Deutsche Lufthansa AG,Germany,XETRA,EUR,Common Stock,DE0008232125,,,Airlines,Industrials,1.718702,5350397440.0,9.648628,10.672549,-0.44425,-0.08997
488,LIK.DE,LIMES Schlosskliniken AG,Germany,XETRA,EUR,Common Stock,DE000A0JDBC7,,,,,,,,,,
489,LIN.DE,Linde plc,Germany,XETRA,EUR,Common Stock,IE00BZ12WP82,,,,,,,,,,
490,LLD.DE,Lloyds Banking Group plc,Germany,XETRA,EUR,Common Stock,,,,,,,,,,,
491,LLY.DE,Eli Lilly and Company,Germany,XETRA,EUR,Common Stock,US5324571083,,,,,,,,,,
492,LNSX.DE,Sixt Leasing SE,Germany,XETRA,EUR,Common Stock,DE000A0DPRE6,,,,,,,,,,
493,LO24.DE,Lotto24 AG,Germany,XETRA,EUR,Common Stock,DE000LTT0243,,,,,,,,,,
494,LOM.DE,Lockheed Martin Corporation,Germany,XETRA,EUR,Common Stock,US5398301094,,,,,,,,,,
495,LOR.DE,L'Oréal S.A,Germany,XETRA,EUR,Common Stock,,,,,,,,,,,
496,LPK.DE,LPKF Laser & Electronics AG,Germany,XETRA,EUR,Common Stock,DE0006450000,,,,,,,,,,
497,LSX.DE,LS telcom AG,Germany,XETRA,EUR,Common Stock,DE0005754402,,,,,,,,,,
498,LU2.DE,LUMENTUM HLDGS IN.DL-001,Germany,XETRA,EUR,Common Stock,,,,,,,,,,,
499,LUK.DE,Public Joint Stock Company Oil Company LUKOIL,Germany,XETRA,EUR,Common Stock,,,,,,,,,,,
500,LUS.DE,Lang & Schwarz Aktiengesellschaft,Germany,XETRA,EUR,Common Stock,DE0006459324,,,Capital Markets,Financial Services,7.76112,294780192.0,124.49143,126.25177,0.051659998,0.14197
501,LV2B.DE,LEVI STRAUSS + CO. CL.A,Germany,XETRA,EUR,Common Stock,,,,,,,,,,,
502,LXS.DE,LANXESS Aktiengesellschaft,Germany,XETRA,EUR,Common Stock,DE0005470405,,,,,,,,,,
503,LY0.DE,LYFT Inc,Germany,XETRA,EUR,Common Stock,US55087P1049,,,,,,,,,,
504,M0Y.DE,Mynaric AG,Germany,XETRA,EUR,Common Stock,DE000A0JCY11,,,,,,,,,,
505,M12.DE,M1 Kliniken AG,Germany,XETRA,EUR,Common Stock,DE000A0STSQ8,,,,,,,,,,
506,M3BK.DE,Mic AG,Germany,XETRA,EUR,Common Stock,DE000A254W52,,,,,,,,,,
507,M3V.DE,MeVis Medical Solutions AG,Germany,XETRA,EUR,Common Stock,DE000A0LBFE4,,,,,,,,,,
508,M4I.DE,Mastercard Incorporated,Germany,XETRA,EUR,Common Stock,US57636Q1040,,,,,,,,,,
509,M4N.DE,Muehlhan AG,Germany,XETRA,EUR,Common Stock,DE000A0KD0F7,,,,,,,,,,
510,M5Z.DE,Manz AG,Germany,XETRA,EUR,Common Stock,DE000A0JQ5U3,,,,,,,,,,
511,M7U.DE,Nynomic AG,Germany,XETRA,EUR,Common Stock,DE000A0MSN11,,,,,,,,,,
512,M8G.DE,Media and Games Invest SE,Germany,XETRA,EUR,Common Stock,MT0000580101,,,,,,,,,,
513,M8H.DE,MBH Corporation PLC,Germany,XETRA,EUR,Common Stock,GB00BF1GH114,,,,,,,,,,
514,M8V.DE,M8V,Germany,XETRA,EUR,Common Stock,,,,,,,,,,,
515,MAK.DE,Maternus-Kliniken Aktiengesellschaft,Germany,XETRA,EUR,Common Stock,DE0006044001,,,,,,,,,,
516,MAN.DE,MAN SE,Germany,XETRA,EUR,Common Stock,DE0005937007,,,,,,,,,,
517,MAN3.DE,MAN SE,Germany,XETRA,EUR,Common Stock,DE0005937031,,,,,,,,,,
518,MBB.DE,MBB SE,Germany,XETRA,EUR,Common Stock,DE000A0ETBQ4,,,,,,,,,,
519,MBK.DE,Merkur PrivatBank KgaA,Germany,XETRA,EUR,Common Stock,DE0008148206,,,,,,,,,,
520,MBQ.DE,Mobotix AG,Germany,XETRA,EUR,Common Stock,DE0005218309,,,,,,,,,,
521,MCE.DE,MEDIQON Group AG,Germany,XETRA,EUR,Common Stock,DE0006618309,,,,,,,,,,
522,MDG1.DE,Medigene AG,Germany,XETRA,EUR,Common Stock,DE000A1X3W00,,,,,,,,,,
523,MDN.DE,Medion AG,Germany,XETRA,EUR,Common Stock,DE0006605009,,,,,,,,,,
524,MDO.DE,McDonald's Corporation,Germany,XETRA,EUR,Common Stock,,,,,,,,,,,
525,MED.DE,MEDICLIN Aktiengesellschaft,Germany,XETRA,EUR,Common Stock,DE0006595101,,,,,,,,,,
526,MF6.DE,MagForce AG,Germany,XETRA,EUR,Common Stock,DE000A0HGQF5,,,,,,,,,,
527,MGNK.DE,Mologen AG,Germany,XETRA,EUR,Common Stock,DE000A2LQ900,,,,,,,,,,
528,MLL.DE,Müller - Die lila Logistik AG,Germany,XETRA,EUR,Common Stock,DE0006214687,,,,,,,,,,
529,MLP.DE,MLP SE,Germany,XETRA,EUR,Common Stock,DE0006569908,,,,,,,,,,
530,MMM.DE,3M Company,Germany,XETRA,EUR,Common Stock,US88579Y1010,,,,,,,,,,
531,MOH.DE,LVMH Moët Hennessy - Louis Vuitton Société Européenne,Germany,XETRA,EUR,Common Stock,,,,,,,,,,,
532,MOR.DE,MorphoSys AG,Germany,XETRA,EUR,Common Stock,DE0006632003,,,,,,,,,,
533,MPCK.DE,MPC Münchmeyer Petersen Capital AG,Germany,XETRA,EUR,Common Stock,DE000A1TNWJ4,,,,,,,,,,
534,MPN.DE,Marathon Petroleum Corporation,Germany,XETRA,EUR,Common Stock,,,,,,,,,,,
535,MRK.DE,MERCK Kommanditgesellschaft auf Aktien,Germany,XETRA,EUR,Common Stock,DE0006599905,,,,,,,,,,
536,MSAG.DE,MS Industrie AG,Germany,XETRA,EUR,Common Stock,DE0005855183,,,,,,,,,,
537,MSF.DE,Microsoft Corporation,Germany,XETRA,EUR,Common Stock,,,,,,,,,,,
538,MTX.DE,MTU Aero Engines AG,Germany,XETRA,EUR,Common Stock,DE000A0D9PT0,,,,,,,,,,
539,MUB.DE,Mühlbauer Holding AG,Germany,XETRA,EUR,Common Stock,DE0006627201,,,,,,,,,,
540,MUM.DE,Mensch und Maschine Software SE,Germany,XETRA,EUR,Common Stock,DE0006580806,,,,,,,,,,
541,MUV2.DE,Münchener Rückversicherungs-Gesellschaft Aktiengesellschaft in München,Germany,XETRA,EUR,Common Stock,DE0008430026,,,,,,,,,,
542,MUX.DE,Mutares SE & Co. KGaA,Germany,XETRA,EUR,Common Stock,DE000A2NB650,,,,,,,,,,
543,MVIN.DE,MVIN,Germany,XETRA,EUR,Common Stock,,,,,,,,,,,
544,MVV1.DE,MVV Energie AG,Germany,XETRA,EUR,Common Stock,DE000A0H52F5,,,,,,,,,,
545,MWB.DE,mwb fairtrade Wertpapierhandelsbank AG,Germany,XETRA,EUR,Common Stock,DE0006656101,,,,,,,,,,
546,MXHN.DE,MAX Automation SE,Germany,XETRA,EUR,Common Stock,DE000A2DA588,,,,,,,,,,
547,MYD.DE,Myriad Genetics Inc,Germany,XETRA,EUR,Common Stock,,,,,,,,,,,
548,MYRK.DE,MyHammer Holding AG,Germany,XETRA,EUR,Common Stock,DE000A11QWW6,,,,,,,,,,
549,MZX.DE,Masterflex SE,Germany,XETRA,EUR,Common Stock,DE0005492938,,,,,,,,,,
550,N4G.DE,The NAGA Group AG,Germany,XETRA,EUR,Common Stock,DE000A161NR7,,,,,,,,,,
551,N7G.DE,Nanogate AG,Germany,XETRA,EUR,Common Stock,DE000A0JKHC9,,,,,,,,,,
552,NA9.DE,Nagarro SE,Germany,XETRA,EUR,Common Stock,DE000A3H2200,,,,,,,,,,
553,NB2.DE,Northern Data AG,Germany,XETRA,EUR,Common Stock,DE000A0SMU87,,,,,,,,,,
554,NBG6.DE,NÜRNBERGER Beteiligungs-AG,Germany,XETRA,EUR,Common Stock,DE0008435967,,,,,,,,,,
555,NC5A.DE,NorCom Information Technology GmbH & Co. KGaA,Germany,XETRA,EUR,Common Stock,DE000A12UP37,,,,,,,,,,
556,NCB.DE,Bank of America Corporation,Germany,XETRA,EUR,Common Stock,,,,,,,,,,,
557,NDA.DE,Aurubis AG,Germany,XETRA,EUR,Common Stock,DE0006766504,,,,,,,,,,
558,NDX1.DE,Nordex SE,Germany,XETRA,EUR,Common Stock,DE000A0D6554,,,,,,,,,,
559,NEM.DE,Nemetschek SE,Germany,XETRA,EUR,Common Stock,DE0006452907,,,,,,,,,,
560,NESM.DE,Nestlé S.A,Germany,XETRA,EUR,Common Stock,CH0038863350,,,,,,,,,,
561,NF4.DE,Netfonds AG,Germany,XETRA,EUR,Common Stock,DE000A1MME74,,,,,,,,,,
562,NFC.DE,Netflix Inc,Germany,XETRA,EUR,Common Stock,,,,,,,,,,,
563,NFN.DE,NFON AG,Germany,XETRA,EUR,Common Stock,DE000A0N4N52,,,,,,,,,,
564,NGLB.DE,Anglo American plc,Germany,XETRA,EUR,Common Stock,,,,,,,,,,,
565,NIIN.DE,niiio finance group AG,Germany,XETRA,EUR,Common Stock,,,,,,,,,,,
566,NKE.DE,NIKE Inc,Germany,XETRA,EUR,Common Stock,US6541061031,,,,,,,,,,
567,NMI.DE,Aladdin Healthcare Technologies SE,Germany,XETRA,EUR,Common Stock,,,,,,,,,,,
568,NMM.DE,Newmont Corporation,Germany,XETRA,EUR,Common Stock,,,,,,,,,,,
569,NN6.DE,NanoRepro AG,Germany,XETRA,EUR,Common Stock,DE0006577109,,,,,,,,,,
570,NOA3.DE,Nokia Corporation,Germany,XETRA,EUR,Common Stock,,,,,,,,,,,
571,NOEJ.DE,NORMA Group SE,Germany,XETRA,EUR,Common Stock,DE000A1H8BV3,,,,,,,,,,
572,NOVC.DE,Novo Nordisk A/S,Germany,XETRA,EUR,Common Stock,,,,,,,,,,,
573,NP5.DE,NEWRON PHARMACEUT. EO-20,Germany,XETRA,EUR,Common Stock,,,,,,,,,,,
574,NTG.DE,Nabaltec AG,Germany,XETRA,EUR,Common Stock,DE000A0KPPR7,,,,,,,,,,
575,NUVA.DE,Noratis AG,Germany,XETRA,EUR,Common Stock,DE000A2E4MK4,,,,,,,,,,
576,NVD.DE,NVIDIA Corporation,Germany,XETRA,EUR,Common Stock,,,,,,,,,,,
577,NVJP.DE,UMICORE S.A.,Germany,XETRA,EUR,Common Stock,,,,,,,,,,,
578,NWO.DE,New Work SE,Germany,XETRA,EUR,Common Stock,DE000NWRK013,,,,,,,,,,
579,NWT.DE,Wells Fargo & Company,Germany,XETRA,EUR,Common Stock,,,,,,,,,,,
580,NXU.DE,Nexus AG,Germany,XETRA,EUR,Common Stock,DE0005220909,,,,,,,,,,
581,O2C.DE,Petro Welt Technologies AG,Germany,XETRA,EUR,Common Stock,AT0000A00Y78,,,,,,,,,,
582,O2D.DE,Telefónica Deutschland Holding AG,Germany,XETRA,EUR,Common Stock,DE000A1J5RX9,,,,,,,,,,
583,O3P.DE,Oesterreichische Post AG,Germany,XETRA,EUR,Common Stock,,,,,,,,,,,
584,O4B.DE,OVB Holding AG,Germany,XETRA,EUR,Common Stock,DE0006286560,,,,,,,,,,
585,O5G.DE,CPI Property Group S.A,Germany,XETRA,EUR,Common Stock,LU0251710041,,,,,,,,,,
586,O5H.DE,OpenLimit Holding AG,Germany,XETRA,EUR,Common Stock,CH0022237009,,,,,,,,,,
587,OBS.DE,ORBIS AG,Germany,XETRA,EUR,Common Stock,DE0005228779,,,,,,,,,,
588,ODP1.DE,Office Depot Inc,Germany,XETRA,EUR,Common Stock,US88337F1057,,,,,,,,,,
589,OEWA.DE,VERBUND AG,Germany,XETRA,EUR,Common Stock,,,,,,,,,,,
590,OHB.DE,OHB SE,Germany,XETRA,EUR,Common Stock,DE0005936124,,,,,,,,,,
591,OMV.DE,OMV Aktiengesellschaft,Germany,XETRA,EUR,Common Stock,,,,,,,,,,,
592,OPC.DE,Occidental Petroleum Corporation,Germany,XETRA,EUR,Common Stock,,,,,,,,,,,
593,ORC.DE,Oracle Corporation,Germany,XETRA,EUR,Common Stock,,,,,,,,,,,
594,OSP2.DE,USU Software AG,Germany,XETRA,EUR,Common Stock,DE000A0BVU28,,,,,,,,,,
595,OSR.DE,OSRAM Licht AG,Germany,XETRA,EUR,Common Stock,DE000LED4000,,,,,,,,,,
596,P4O.DE,Plan Optik AG,Germany,XETRA,EUR,Common Stock,DE000A0HGQS8,,,,,,,,,,
597,PA8.DE,Paion AG,Germany,XETRA,EUR,Common Stock,DE000A0B65S3,,,,,,,,,,
598,PAG.DE,PREOS Global Office Real Estate & Technology AG,Germany,XETRA,EUR,Common Stock,,,,,,,,,,,
599,PAH3.DE,Porsche Automobil Holding SE,Germany,XETRA,EUR,Common Stock,DE000PAH0038,,,,,,,,,,
600,PAL.DE,Pantaflix AG,Germany,XETRA,EUR,Common Stock,DE000A12UPJ7,,,,,,,,,,
601,PAT.DE,Patrizia AG,Germany,XETRA,EUR,Common Stock,DE000PAT1AG3,,,,,,,,,,
602,PBB.DE,Deutsche Pfandbriefbank AG,Germany,XETRA,EUR,Common Stock,DE0008019001,,,,,,,,,,
603,PBY.DE,Publity AG,Germany,XETRA,EUR,Common Stock,DE0006972508,,,,,,,,,,
604,PCZ.DE,ProCredit Holding AG & Co. KGaA,Germany,XETRA,EUR,Common Stock,DE0006223407,,,,,,,,,,
605,PDA.DE,PRO DV AG,Germany,XETRA,EUR,Common Stock,DE0006967805,,,,,,,,,,
606,PEP.DE,PepsiCo Inc,Germany,XETRA,EUR,Common Stock,US7134481081,,,,,,,,,,
607,PFE.DE,Pfizer Inc,Germany,XETRA,EUR,Common Stock,US7170811035,,,,,,,,,,
608,PFV.DE,Pfeiffer Vacuum Technology AG,Germany,XETRA,EUR,Common Stock,DE0006916604,,,,,,,,,,
609,PGN.DE,paragon GmbH & Co. KGaA,Germany,XETRA,EUR,Common Stock,DE0005558696,,,,,,,,,,
610,PH6.DE,Philion SE,Germany,XETRA,EUR,Common Stock,DE000A1X3WF3,,,,,,,,,,
611,PHI1.DE,Koninklijke Philips N.V,Germany,XETRA,EUR,Common Stock,NL0000009538,,,,,,,,,,
612,PHIA.DE,Koninklijke Philips N.V,Germany,XETRA,EUR,Common Stock,,,,,,,,,,,
613,PHM7.DE,Altria Group Inc,Germany,XETRA,EUR,Common Stock,,,,,,,,,,,
614,PLUN.DE,Plug Power Inc,Germany,XETRA,EUR,Common Stock,US72919P2020,,,,,,,,,,
615,PMAG.DE,PIERER Mobility AG,Germany,XETRA,EUR,Common Stock,,,,,,,,,,,
616,PNE3.DE,PNE AG,Germany,XETRA,EUR,Common Stock,DE000A0JBPG2,,,,,,,,,,
617,PPX.DE,Kering SA,Germany,XETRA,EUR,Common Stock,,,,,,,,,,,
618,PRG.DE,The Procter & Gamble Company,Germany,XETRA,EUR,Common Stock,,,,,,,,,,,
619,PSAN.DE,PSI Software AG,Germany,XETRA,EUR,Common Stock,DE000A0Z1JH9,,,,,,,,,,
620,PSG.DE,PharmaSGP Holding SE,Germany,XETRA,EUR,Common Stock,,,,,,,,,,,
621,PSM.DE,ProSiebenSat.1 Media SE,Germany,XETRA,EUR,Common Stock,DE000PSM7770,,,,,,,,,,
622,PU11.DE,The Social Chain AG,Germany,XETRA,EUR,Common Stock,DE000A1YC996,,,,,,,,,,
623,PUM.DE,PUMA SE,Germany,XETRA,EUR,Common Stock,DE0006969603,,,,,,,,,,
624,PWO.DE,Progress-Werk Oberkirch AG,Germany,XETRA,EUR,Common Stock,DE0006968001,,,,,,,,,,
625,PZS.DE,Scherzer & Co. AG,Germany,XETRA,EUR,Common Stock,DE0006942808,,,,,,,,,,
626,QB7.DE,Quirin Privatbank AG,Germany,XETRA,EUR,Common Stock,DE0005202303,,,,,,,,,,
627,QBY.DE,q.beyond AG,Germany,XETRA,EUR,Common Stock,,,,,,,,,,,
628,QCI.DE,QUALCOMM Incorporated,Germany,XETRA,EUR,Common Stock,,,,,,,,,,,
629,QIA.DE,QIAGEN N.V,Germany,XETRA,EUR,Common Stock,NL0012169213,,,,,,,,,,
630,R6C.DE,Royal Dutch Shell plc,Germany,XETRA,EUR,Common Stock,,,,,,,,,,,
631,R6C3.DE,Royal Dutch Shell plc,Germany,XETRA,EUR,Common Stock,,,,,,,,,,,
632,RAA.DE,RATIONAL Aktiengesellschaft,Germany,XETRA,EUR,Common Stock,DE0007010803,7.0,,Industrial Distribution,Industrials,19.200228,10721909760.0,928.71716,774.483,0.17291,0.56215
633,RAW.DE,Raiffeisen Bank International AG,Germany,XETRA,EUR,Common Stock,,,,,,,,,,,
634,RCMN.DE,RCM Beteiligungs AG,Germany,XETRA,EUR,Common Stock,DE000A1RFMY4,,,,,,,,,,
635,RDEB.DE,RELX PLC,Germany,XETRA,EUR,Common Stock,,,,,,,,,,,
636,REP.DE,Repsol S.A,Germany,XETRA,EUR,Common Stock,ES0173516115,,,,,,,,,,
637,RHK.DE,RHÖN-KLINIKUM Aktiengesellschaft,Germany,XETRA,EUR,Common Stock,DE0007042301,,,,,,,,,,
638,RHM.DE,Rheinmetall AG,Germany,XETRA,EUR,Common Stock,DE0007030009,,,,,,,,,,
639,RIO1.DE,Rio Tinto Group,Germany,XETRA,EUR,Common Stock,,,,,,,,,,,
640,RMB.DE,Rambus Inc,Germany,XETRA,EUR,Common Stock,,,,,,,,,,,
641,RNL.DE,Renault SA,Germany,XETRA,EUR,Common Stock,,,,,,,,,,,
642,RNY.DE,Yamana Gold Inc,Germany,XETRA,EUR,Common Stock,,,,,,,,,,,
643,ROI.DE,Rosenbauer International AG,Germany,XETRA,EUR,Common Stock,,,,,,,,,,,
644,RRTL.DE,RTL Group S.A,Germany,XETRA,EUR,Common Stock,LU0061462528,,,,,,,,,,
645,RSL2.DE,R. STAHL AG,Germany,XETRA,EUR,Common Stock,DE000A1PHBB5,,,,,,,,,,
646,RTC.DE,RealTech AG,Germany,XETRA,EUR,Common Stock,DE0007008906,,,,,,,,,,
647,RWE.DE,RWE AG,Germany,XETRA,EUR,Common Stock,DE0007037129,,,,,,,,,,
648,RY4C.DE,Ryanair Holdings plc,Germany,XETRA,EUR,Common Stock,,,,,,,,,,,
649,RY8.DE,ROY Asset Holding SE,Germany,XETRA,EUR,Common Stock,DE000RYSE888,,,,,,,,,,
650,RYS1.DE,The Royal Bank of Scotland Group plc,Germany,XETRA,EUR,Common Stock,GB00B7T77214,,,,,,,,,,
651,S4A.DE,SMT Scharf AG,Germany,XETRA,EUR,Common Stock,DE0005751986,,,,,,,,,,
652,S6P.DE,Spielvereinigung Unterhaching Fußball GmbH & Co. KGaA,Germany,XETRA,EUR,Common Stock,DE000A2TR919,,,,,,,,,,
653,S92.DE,SMA Solar Technology AG,Germany,XETRA,EUR,Common Stock,DE000A0DJ6J9,,,,,,,,,,
654,S9I.DE,Stemmer Imaging AG,Germany,XETRA,EUR,Common Stock,DE000A2G9MZ9,,,,,,,,,,
655,SAE.DE,Shop Apotheke Europe N.V,Germany,XETRA,EUR,Common Stock,NL0012044747,,,,,,,,,,
656,SANT.DE,S&T AG,Germany,XETRA,EUR,Common Stock,AT0000A0E9W5,,,,,,,,,,
657,SAP.DE,SAP SE,Germany,XETRA,EUR,Common Stock,DE0007164600,,,Software—Application,Technology,4.591859,149830254592.0,122.42,113.859436,0.21631001,0.71777
658,SAV.DE,Savannah Resources Plc,Germany,XETRA,EUR,Common Stock,,,,,,,,,,,
659,SAX.DE,Ströer SE & Co. KGaA,Germany,XETRA,EUR,Common Stock,DE0007493991,,,,,,,,,,
660,SBS.DE,Stratec SE,Germany,XETRA,EUR,Common Stock,DE000STRA555,,,,,,,,,,
661,SBU3.DE,WisdomTree Bund 10Y 3x Daily Short,Germany,XETRA,EUR,Common Stock,,,,,,,,,,,
662,SCE.DE,Schweizer Electronic AG,Germany,XETRA,EUR,Common Stock,DE0005156236,,,,,,,,,,
663,SD1.DE,SendR SE,Germany,XETRA,EUR,Common Stock,DE000A1YDAZ7,,,,,,,,,,
664,SDF.DE,K+S Aktiengesellschaft,Germany,XETRA,EUR,Common Stock,DE000KSAG888,,,,,,,,,,
665,SF3.DE,STS Group AG,Germany,XETRA,EUR,Common Stock,DE000A1TNU68,,,,,,,,,,
666,SFD1.DE,Softline AG,Germany,XETRA,EUR,Common Stock,DE000A2DAN10,,,,,,,,,,
667,SFE.DE,Synchrony Financial,Germany,XETRA,EUR,Common Stock,,,,,,,,,,,
668,SFQ.DE,SAF-Holland SE,Germany,XETRA,EUR,Common Stock,DE000SAFH001,,,,,,,,,,
669,SGE.DE,Société Générale Société anonyme,Germany,XETRA,EUR,Common Stock,,,,,,,,,,,
670,SGF.DE,SGT German Private Equity GmbH & Co. KGaA,Germany,XETRA,EUR,Common Stock,,,,,,,,,,,
671,SGL.DE,SGL Carbon SE,Germany,XETRA,EUR,Common Stock,DE0007235301,,,,,,,,,,
672,SGM.DE,STMicroelectronics N.V,Germany,XETRA,EUR,Common Stock,,,,,,,,,,,
673,SHA.DE,Schaeffler AG,Germany,XETRA,EUR,Common Stock,DE000SHA0159,,,,,,,,,,
674,SHF.DE,SNP Schneider-Neureither & Partner SE,Germany,XETRA,EUR,Common Stock,DE0007203705,,,,,,,,,,
675,SHL.DE,Siemens Healthineers AG,Germany,XETRA,EUR,Common Stock,DE000SHL1006,,,,,,,,,,
676,SHWK.DE,SHS VIVEON AG,Germany,XETRA,EUR,Common Stock,DE000A0XFWK2,,,,,,,,,,
677,SIE.DE,Siemens Aktiengesellschaft,Germany,XETRA,EUR,Common Stock,DE0007236101,,,,,,,,,,
678,SII.DE,Silver Wheaton Corp,Germany,XETRA,EUR,Common Stock,,,,,,,,,,,
679,SIS.DE,First Sensor AG,Germany,XETRA,EUR,Common Stock,DE0007201907,,,,,,,,,,
680,SIX2.DE,Sixt SE,Germany,XETRA,EUR,Common Stock,DE0007231326,,,,,,,,,,
681,SIX3.DE,Sixt SE,Germany,XETRA,EUR,Common Stock,DE0007231334,,,,,,,,,,
682,SJJ.DE,Serviceware SE,Germany,XETRA,EUR,Common Stock,DE000A2G8X31,,,,,,,,,,
683,SKB.DE,Koenig & Bauer AG,Germany,XETRA,EUR,Common Stock,DE0007193500,,,,,,,,,,
684,SLL.DE,Schoeller-Bleckmann Oilfield Equipment Aktiengesellschaft,Germany,XETRA,EUR,Common Stock,,,,,,,,,,,
685,SLT.DE,Schaltbau Holding AG,Germany,XETRA,EUR,Common Stock,DE000A2NBTL2,,,,,,,,,,
686,SMHN.DE,SÜSS MicroTec SE,Germany,XETRA,EUR,Common Stock,DE000A1K0235,,,,,,,,,,
687,SMWN.DE,SM Wirtschaftsberatungs AG,Germany,XETRA,EUR,Common Stock,DE000A1RFMZ1,,,,,,,,,,
688,SND.DE,Schneider Electric S.E,Germany,XETRA,EUR,Common Stock,,,,,,,,,,,
689,SNG.DE,Singulus Technologies AG,Germany,XETRA,EUR,Common Stock,DE000A1681X5,,,,,,,,,,
690,SNH.DE,Steinhoff International Holdings N.V,Germany,XETRA,EUR,Common Stock,NL0011375019,,,Specialty Retail,Consumer Cyclical,,763782208.0,0.12029714,0.11604296,-0.14316,0.39483002
691,SNW.DE,Sanofi,Germany,XETRA,EUR,Common Stock,,,,,,,,,,,
692,SOBA.DE,AT&T Inc,Germany,XETRA,EUR,Common Stock,,,,,,,,,,,
693,SOT.DE,Southern Company,Germany,XETRA,EUR,Common Stock,,,,,,,,,,,
694,SOW.DE,Software Aktiengesellschaft,Germany,XETRA,EUR,Common Stock,DE000A2GS401,,,,,,,,,,
695,SPM.DE,Splendid Medien AG,Germany,XETRA,EUR,Common Stock,DE0007279507,,,,,,,,,,
696,SQU.DE,Vinci,Germany,XETRA,EUR,Common Stock,,,,,,,,,,,
697,SRB.DE,Starbucks Corporation,Germany,XETRA,EUR,Common Stock,,,,,,,,,,,
698,SRT.DE,Sartorius Aktiengesellschaft,Germany,XETRA,EUR,Common Stock,DE0007165607,,,,,,,,,,
699,SRT3.DE,Sartorius Aktiengesellschaft,Germany,XETRA,EUR,Common Stock,DE0007165631,,,,,,,,,,
700,ST5.DE,STEICO SE,Germany,XETRA,EUR,Common Stock,DE000A0LR936,,,,,,,,,,
701,STM.DE,Stabilus S.A,Germany,XETRA,EUR,Common Stock,LU1066226637,,,,,,,,,,
702,STO3.DE,Sto SE & Co. KGaA,Germany,XETRA,EUR,Common Stock,DE0007274136,,,Building Products & Equipment,Industrials,2.5224283,806760000.0,213.45428,178.62128,0.06505,0.55133
703,SUR.DE,Surteco Group SE,Germany,XETRA,EUR,Common Stock,DE0005176903,,,,,,,,,,
704,SVE.DE,Shareholder Value Beteiligungen AG,Germany,XETRA,EUR,Common Stock,DE000A168205,,,,,,,,,,
705,SWA.DE,Schloss Wachenheim AG,Germany,XETRA,EUR,Common Stock,DE0007229007,,,,,,,,,,
706,SY1.DE,Symrise AG,Germany,XETRA,EUR,Common Stock,DE000SYM9999,,,,,,,,,,
707,SYAB.DE,Synlab AG,Germany,XETRA,EUR,Common Stock,DE000A2TSL71,,,,,,,,,,
708,SYK.DE,Stryker Corporation,Germany,XETRA,EUR,Common Stock,US8636671013,,,,,,,,,,
709,SYT.DE,Softing AG,Germany,XETRA,EUR,Common Stock,DE0005178008,,,,,,,,,,
710,SYZ.DE,SYZYGY AG,Germany,XETRA,EUR,Common Stock,DE0005104806,,,,,,,,,,
711,SZG.DE,Salzgitter AG,Germany,XETRA,EUR,Common Stock,DE0006202005,,,,,,,,,,
712,SZU.DE,Südzucker AG,Germany,XETRA,EUR,Common Stock,DE0007297004,,,,,,,,,,
713,T1L.DE,S IMMO AG,Germany,XETRA,EUR,Common Stock,,,,,,,,,,,
714,T3T1.DE,Seven Principles AG,Germany,XETRA,EUR,Common Stock,DE000A2AAA75,,,,,,,,,,
715,T5O.DE,CytoTools AG,Germany,XETRA,EUR,Common Stock,DE000A0KFRJ1,,,,,,,,,,
716,T6A.DE,TripAdvisor Inc,Germany,XETRA,EUR,Common Stock,,,,,,,,,,,
717,T9Z.DE,Zumtobel Group AG,Germany,XETRA,EUR,Common Stock,,,,,,,,,,,
718,TA1.DE,Telekom Austria AG,Germany,XETRA,EUR,Common Stock,,,,,,,,,,,
719,TC1.DE,Tele Columbus AG,Germany,XETRA,EUR,Common Stock,DE000TCAG172,,,,,,,,,,
720,TEG.DE,TAG Immobilien AG,Germany,XETRA,EUR,Common Stock,DE0008303504,,,,,,,,,,
721,TGHN.DE,Logwin AG,Germany,XETRA,EUR,Common Stock,LU1618151879,,,,,,,,,,
722,TGT.DE,Target Corporation,Germany,XETRA,EUR,Common Stock,US87612E1064,,,,,,,,,,
723,TIMA.DE,ZEAL Network SE,Germany,XETRA,EUR,Common Stock,DE000ZEAL241,,,,,,,,,,
724,TKA.DE,thyssenkrupp AG,Germany,XETRA,EUR,Common Stock,DE0007500001,,,,,,,,,,
725,TL0.DE,Tesla Inc,Germany,XETRA,EUR,Common Stock,US88160R1014,,,,,,,,,,
726,TLG.DE,TLG Immobilien AG,Germany,XETRA,EUR,Common Stock,DE000A12B8Z4,,,,,,,,,,
727,TLIK.DE,TELES AG Informationstechnologien,Germany,XETRA,EUR,Common Stock,DE000A289B07,,,,,,,,,,
728,TLX.DE,Talanx AG,Germany,XETRA,EUR,Common Stock,DE000TLX1005,,,,,,,,,,
729,TM5.DE,T-MOBILE US INC.DL-00001,Germany,XETRA,EUR,Common Stock,,,,,,,,,,,
730,TMV.DE,TeamViewer AG,Germany,XETRA,EUR,Common Stock,DE000A2YN900,,,,,,,,,,
731,TNE5.DE,Telefónica S.A,Germany,XETRA,EUR,Common Stock,,,,,,,,,,,
732,TOTB.DE,TotalEnergies SE,Germany,XETRA,EUR,Common Stock,,,,,,,,,,,
733,TPE.DE,PVA TePla AG,Germany,XETRA,EUR,Common Stock,DE0007461006,,,,,,,,,,
734,TQI.DE,Telecom Italia S.p.A,Germany,XETRA,EUR,Common Stock,,,,,,,,,,,
735,TQIR.DE,Telecom Italia S.p.A,Germany,XETRA,EUR,Common Stock,,,,,,,,,,,
736,TRU.DE,Traumhaus AG,Germany,XETRA,EUR,Common Stock,,,,,,,,,,,
737,TRVC.DE,Citigroup Inc,Germany,XETRA,EUR,Common Stock,,,,,,,,,,,
738,TTI.DE,Tom Tailor Holding SE,Germany,XETRA,EUR,Common Stock,DE000A0STST2,,,,,,,,,,
739,TTK.DE,TAKKT AG,Germany,XETRA,EUR,Common Stock,DE0007446007,,,,,,,,,,
740,TTO.DE,TTL Beteiligungs- und Grundbesitz-AG,Germany,XETRA,EUR,Common Stock,DE0007501009,,,,,,,,,,
741,TTR1.DE,technotrans SE,Germany,XETRA,EUR,Common Stock,DE000A0XYGA7,,,,,,,,,,
742,TUF.DE,Tuff Group AG,Germany,XETRA,EUR,Common Stock,,,,,,,,,,,
743,TUI1.DE,TUI AG,Germany,XETRA,EUR,Common Stock,DE000TUAG000,,,,,,,,,,
744,TWR.DE,Twitter Inc,Germany,XETRA,EUR,Common Stock,,,,,,,,,,,
745,TY3S.DE,WisdomTree US Treasuries 10Y 3x Daily Short,Germany,XETRA,EUR,Common Stock,,,,,,,,,,,
746,U9R.DE,Under Armour Inc,Germany,XETRA,EUR,Common Stock,,,,,,,,,,,
747,U9RA.DE,Under Armour Inc,Germany,XETRA,EUR,Common Stock,,,,,,,,,,,
748,UBK.DE,UmweltBank AG,Germany,XETRA,EUR,Common Stock,DE0005570808,,,,,,,,,,
749,UDC.DE,UniDevice AG,Germany,XETRA,EUR,Common Stock,,,,,,,,,,,
750,ULC.DE,UNITEDLABELS Aktiengesellschaft,Germany,XETRA,EUR,Common Stock,DE0005489561,,,,,,,,,,
751,UMDK.DE,UMT United Mobility Technology AG,Germany,XETRA,EUR,Common Stock,DE000A2YN702,,,,,,,,,,
752,UN01.DE,Uniper SE,Germany,XETRA,EUR,Common Stock,DE000UNSE018,,,,,,,,,,
753,UN9.DE,UNIQA Insurance Group AG,Germany,XETRA,EUR,Common Stock,,,,,,,,,,,
754,UNH.DE,UnitedHealth Group Incorporated,Germany,XETRA,EUR,Common Stock,US91324P1021,,,,,,,,,,
755,US9L.DE,WITR MU.AS.I. ETP 2062,Germany,XETRA,EUR,Common Stock,,,,,,,,,,,
756,US9S.DE,WITR MU.AS.I. ETP 2062,Germany,XETRA,EUR,Common Stock,,,,,,,,,,,
757,UT8.DE,UT8,Germany,XETRA,EUR,Common Stock,,,,,,,,,,,
758,UTDI.DE,United Internet AG,Germany,XETRA,EUR,Common Stock,DE0005089031,,,,,,,,,,
759,UUU.DE,3U Holding AG,Germany,XETRA,EUR,Common Stock,DE0005167902,,,,,,,,,,
760,UZU.DE,Uzin Utz AG,Germany,XETRA,EUR,Common Stock,DE0007551509,,,,,,,,,,
761,V3S.DE,Vectron Systems AG,Germany,XETRA,EUR,Common Stock,DE000A0KEXC7,,,,,,,,,,
762,V3V.DE,VITA 34 AG,Germany,XETRA,EUR,Common Stock,DE000A0BL849,,,,,,,,,,
763,V6C.DE,Viscom AG,Germany,XETRA,EUR,Common Stock,DE0007846867,,,,,,,,,,
764,VAO.DE,Vapiano SE,Germany,XETRA,EUR,Common Stock,DE000A0WMNK9,,,,,,,,,,
765,VAR1.DE,Varta AG,Germany,XETRA,EUR,Common Stock,DE000A0TGJ55,,,Electrical Equipment & Parts,Industrials,10.542837,5966774784.0,143.05714,131.80174,0.10821,0.63412
766,VAS.DE,Voestalpine AG,Germany,XETRA,EUR,Common Stock,,,,,,,,,,,
767,VBK.DE,VERBIO Vereinigte BioEnergie AG,Germany,XETRA,EUR,Common Stock,DE000A0JL9W6,,,,,,,,,,
768,VBX.DE,Voltabox AG,Germany,XETRA,EUR,Common Stock,DE000A2E4LE9,,,,,,,,,,
769,VG8.DE,Varengold Bank AG,Germany,XETRA,EUR,Common Stock,DE0005479307,,,,,,,,,,
770,VH2.DE,Friedrich Vorwerk Group SE,Germany,XETRA,EUR,Common Stock,DE000A255F11,,,,,,,,,,
771,VIB3.DE,Villeroy & Boch AG,Germany,XETRA,EUR,Common Stock,DE0007657231,,,,,,,,,,
772,VIH1.DE,VIB Vermögen AG,Germany,XETRA,EUR,Common Stock,,,,,,,,,,,
773,VNA.DE,Vonovia SE,Germany,XETRA,EUR,Common Stock,DE000A1ML7J1,,,,,,,,,,
774,VNX.DE,NXP Semiconductors NV,Germany,XETRA,EUR,Common Stock,,,,,,,,,,,
775,VODI.DE,Vodafone Group Plc,Germany,XETRA,EUR,Common Stock,GB00BH4HKS39,,,,,,,,,,
776,VOS.DE,Vossloh AG,Germany,XETRA,EUR,Common Stock,DE0007667107,,,,,,,,,,
777,VOW.DE,Volkswagen AG,Germany,XETRA,EUR,Common Stock,DE0007664005,,,,,,,,,,
778,VOW3.DE,Volkswagen AG,Germany,XETRA,EUR,Common Stock,DE0007664039,,,Auto Manufacturers,Consumer Cyclical,0.7167308,129250467840.0,207.74857,210.12015,0.07098,0.19168
779,VQT.DE,va-Q-tec AG,Germany,XETRA,EUR,Common Stock,DE0006636681,,,,,,,,,,
780,VRL.DE,Net-Digital AG,Germany,XETRA,EUR,Common Stock,DE000A2BPK34,,,,,,,,,,
781,VROS.DE,Verianos SE,Germany,XETRA,EUR,Common Stock,DE000A0Z2Y48,,,,,,,,,,
782,VRS.DE,VeriSign Inc,Germany,XETRA,EUR,Common Stock,,,,,,,,,,,
783,VSC.DE,4SC AG,Germany,XETRA,EUR,Common Stock,DE000A14KL72,,,,,,,,,,
784,VTWR.DE,Vantage Towers AG,Germany,XETRA,EUR,Common Stock,DE000A3H3LL2,,,,,,,,,,
785,VVD.DE,Veolia Environnement S.A,Germany,XETRA,EUR,Common Stock,,,,,,,,,,,
786,VVU.DE,Vivendi SE,Germany,XETRA,EUR,Common Stock,,,,,,,,,,,
787,VVV3.DE,ÖKOWORLD AG,Germany,XETRA,EUR,Common Stock,DE0005408686,,,,,,,,,,
788,VWSB.DE,Vestas Wind Systems A/S,Germany,XETRA,EUR,Common Stock,DK0061539921,,,,,,,,,,
789,WAC.DE,Wacker Neuson SE,Germany,XETRA,EUR,Common Stock,DE000WACK012,,,,,,,,,,
790,WAF.DE,Siltronic AG,Germany,XETRA,EUR,Common Stock,DE000WAF3001,,,,,,,,,,
791,WAF1.DE,Siltronic AG,Germany,XETRA,EUR,Common Stock,,,,,,,,,,,
792,WAH.DE,Wolftank Adisa Holding AG,Germany,XETRA,EUR,Common Stock,AT0000A25NJ6,,,,,,,,,,
793,WB2.DE,Westinghouse Air Brake Technologies Corporation,Germany,XETRA,EUR,Common Stock,,,,,,,,,,,
794,WBAH.DE,Wild Bunch AG,Germany,XETRA,EUR,Common Stock,,,,,,,,,,,
795,WCH.DE,Wacker Chemie AG,Germany,XETRA,EUR,Common Stock,DE000WCH8881,,,,,,,,,,
796,WCMK.DE,WCM Beteiligungs- und Grundbesitz-AG,Germany,XETRA,EUR,Common Stock,DE000A1X3X33,,,,,,,,,,
797,WDL.DE,windeln.de SE,Germany,XETRA,EUR,Common Stock,DE000WNDL201,,,,,,,,,,
798,WDP.DE,The Walt Disney Company,Germany,XETRA,EUR,Common Stock,US2546871060,,,,,,,,,,
799,WEG1.DE,Westgrund AG,Germany,XETRA,EUR,Common Stock,DE000A0HN4T3,,,,,,,,,,
800,WFS.DE,Warimpex Finanz- und Beteiligungs AG,Germany,XETRA,EUR,Common Stock,,,,,,,,,,,
801,WGF1.DE,Williams Grand Prix Holdings PLC,Germany,XETRA,EUR,Common Stock,DE000A1H6VM4,,,,,,,,,,
802,WHT2.DE,WHT2,Germany,XETRA,EUR,Common Stock,,,,,,,,,,,
803,WIB.DE,Wienerberger AG,Germany,XETRA,EUR,Common Stock,,,,,,,,,,,
804,WMB.DE,The Williams Companies Inc,Germany,XETRA,EUR,Common Stock,,,,,,,,,,,
805,WMT.DE,Walmart Inc,Germany,XETRA,EUR,Common Stock,US9311421039,,,,,,,,,,
806,WSO1.DE,wallstreet:online AG,Germany,XETRA,EUR,Common Stock,DE000A2GS609,,,,,,,,,,
807,WSU.DE,WashTec AG,Germany,XETRA,EUR,Common Stock,DE0007507501,,,,,,,,,,
808,WUW.DE,Wüstenrot & Württembergische AG,Germany,XETRA,EUR,Common Stock,DE0008051004,,,,,,,,,,
809,XER2.DE,XEROX HLDGS CORP.    DL 1,Germany,XETRA,EUR,Common Stock,,,,,,,,,,,
810,XGDU.DE,Xtrackers IE Physical Gold ETC,Germany,XETRA,EUR,Common Stock,DE000A2T0VU5,,,,,,,,,,
811,XGR2.DE,COMPASS GROUP    LS-1105,Germany,XETRA,EUR,Common Stock,,,,,,,,,,,
812,XIX.DE,Xilinx Inc,Germany,XETRA,EUR,Common Stock,,,,,,,,,,,
813,XMWH.DE,WITR MU.AS.I. ETP 2062,Germany,XETRA,EUR,Common Stock,,,,,,,,,,,
814,XMWJ.DE,WisdomTree Industrial Metals Enhanced,Germany,XETRA,EUR,Common Stock,,,,,,,,,,,
815,XMWK.DE,WisdomTree Energy Enhanced,Germany,XETRA,EUR,Common Stock,,,,,,,,,,,
816,XONA.DE,Exxon Mobil Corporation,Germany,XETRA,EUR,Common Stock,,,,,,,,,,,
817,XPPE.DE,Xtrackers IE Physical Platinum EUR Hedged ETC Securities,Germany,XETRA,EUR,Common Stock,DE000A2UDH63,,,,,,,,,,
818,XPPT.DE,Xtrackers ETC plc - Xtrackers IE Physical Platinum ETC 1,Germany,XETRA,EUR,Common Stock,DE000A2T0VT7,,,,,,,,,,
819,XSLE.DE,Xtrackers IE Physical Silver EUR Hedged ETC 4,Germany,XETRA,EUR,Common Stock,DE000A2UDH55,,,,,,,,,,
820,XSLR.DE,Xtrackers IE Physical Silver ETC,Germany,XETRA,EUR,Common Stock,DE000A2T0VS9,,,,,,,,,,
821,XY6.DE,Xylem Inc,Germany,XETRA,EUR,Common Stock,,,,,,,,,,,
822,YCP.DE,ConocoPhillips,Germany,XETRA,EUR,Common Stock,,,,,,,,,,,
823,YOC.DE,YOC AG,Germany,XETRA,EUR,Common Stock,DE0005932735,,,,,,,,,,
824,YSN.DE,secunet Security Networks Aktiengesellschaft,Germany,XETRA,EUR,Common Stock,DE0007276503,,,,,,,,,,
825,ZAL.DE,Zalando SE,Germany,XETRA,EUR,Common Stock,DE000ZAL1111,,,,,,,,,,
826,ZEG.DE,AstraZeneca PLC,Germany,XETRA,EUR,Common Stock,,,,,,,,,,,
827,ZIL2.DE,ElringKlinger AG,Germany,XETRA,EUR,Common Stock,DE0007856023,,,,,,,,,,
828,ZIM.DE,Zimmer Biomet Holdings Inc,Germany,XETRA,EUR,Common Stock,,,,,,,,,,,
829,ZO1.DE,zooplus AG,Germany,XETRA,EUR,Common Stock,DE0005111702,,,,,,,,,,
830,ZOE.DE,Zoetis Inc,Germany,XETRA,EUR,Common Stock,,,,,,,,,,,
831,ZSOL.DE,Solutiance AG,Germany,XETRA,EUR,Common Stock,DE0006926504,,,,,,,,,,
